/*
	Практическое задание по теме “CRUD – операции”:
	
	1. Заполнить все таблицы БД vk данными (по 10-100 записей в каждой таблице)
*/

-- Полный скрипт добавления бд vk и таблиц, а так же заполнения этих таблиц

DROP DATABASE IF EXISTS vk;
CREATE DATABASE vk;
USE vk;

-- Generation time: Wed, 12 Feb 2020 13:27:00 +0000
-- Host: mysql.hostinger.ro
-- DB name: u574849695_23
/*!40030 SET NAMES UTF8 */;
/*!40101 SET @OLD_CHARACTER_SET_CLIENT=@@CHARACTER_SET_CLIENT */;
/*!40101 SET @OLD_CHARACTER_SET_RESULTS=@@CHARACTER_SET_RESULTS */;
/*!40101 SET @OLD_COLLATION_CONNECTION=@@COLLATION_CONNECTION */;
/*!40103 SET @OLD_TIME_ZONE=@@TIME_ZONE */;
/*!40103 SET TIME_ZONE='+00:00' */;
/*!40014 SET @OLD_UNIQUE_CHECKS=@@UNIQUE_CHECKS, UNIQUE_CHECKS=0 */;
/*!40014 SET @OLD_FOREIGN_KEY_CHECKS=@@FOREIGN_KEY_CHECKS, FOREIGN_KEY_CHECKS=0 */;
/*!40101 SET @OLD_SQL_MODE=@@SQL_MODE, SQL_MODE='NO_AUTO_VALUE_ON_ZERO' */;
/*!40111 SET @OLD_SQL_NOTES=@@SQL_NOTES, SQL_NOTES=0 */;

DROP TABLE IF EXISTS `communities`;
CREATE TABLE `communities` (
  `id` bigint(20) unsigned NOT NULL AUTO_INCREMENT,
  `name` varchar(150) COLLATE utf8_unicode_ci NOT NULL,
  PRIMARY KEY (`id`),
  KEY `communities_name_idx` (`name`)
) ENGINE=InnoDB AUTO_INCREMENT=101 DEFAULT CHARSET=utf8 COLLATE=utf8_unicode_ci;

INSERT INTO `communities` VALUES ('61','ab'),
('66','ad'),
('13','alias'),
('1','aliquid'),
('27','aliquid'),
('69','animi'),
('76','animi'),
('83','aperiam'),
('39','asperiores'),
('29','aspernatur'),
('87','at'),
('8','aut'),
('20','aut'),
('17','beatae'),
('79','beatae'),
('64','consectetur'),
('74','consequatur'),
('41','culpa'),
('21','cum'),
('78','dolor'),
('30','dolore'),
('88','dolores'),
('25','earum'),
('36','eos'),
('48','est'),
('9','et'),
('14','et'),
('19','et'),
('45','et'),
('51','et'),
('82','et'),
('32','eum'),
('99','eum'),
('33','exercitationem'),
('47','facere'),
('52','fuga'),
('93','fuga'),
('28','id'),
('10','impedit'),
('50','in'),
('59','iste'),
('62','iste'),
('22','laudantium'),
('42','maxime'),
('55','maxime'),
('80','minima'),
('68','nihil'),
('2','non'),
('3','non'),
('18','non'),
('89','non'),
('60','officia'),
('63','officiis'),
('92','pariatur'),
('81','porro'),
('91','quae'),
('90','quaerat'),
('40','quam'),
('96','quas'),
('43','quasi'),
('6','qui'),
('12','qui'),
('31','quia'),
('86','quibusdam'),
('5','quis'),
('72','quis'),
('53','quisquam'),
('35','quos'),
('77','quos'),
('44','recusandae'),
('70','rem'),
('23','repellat'),
('65','repudiandae'),
('71','repudiandae'),
('24','rerum'),
('57','saepe'),
('11','sed'),
('7','sint'),
('37','sint'),
('38','sint'),
('58','sit'),
('98','sit'),
('54','sunt'),
('85','sunt'),
('75','tempora'),
('4','temporibus'),
('97','temporibus'),
('67','tenetur'),
('49','ut'),
('73','ut'),
('84','ut'),
('95','ut'),
('34','vel'),
('56','veniam'),
('26','voluptas'),
('100','voluptas'),
('16','voluptate'),
('15','voluptatem'),
('94','voluptates'),
('46','voluptatibus'); 


DROP TABLE IF EXISTS `users`;
CREATE TABLE `users` (
  `id` bigint(20) unsigned NOT NULL AUTO_INCREMENT,
  `firstname` varchar(50) COLLATE utf8_unicode_ci DEFAULT NULL,
  `lastname` varchar(50) COLLATE utf8_unicode_ci DEFAULT NULL COMMENT 'Фамилия',
  `email` varchar(120) COLLATE utf8_unicode_ci NOT NULL,
  `phone` varchar(12) COLLATE utf8_unicode_ci NOT NULL,
  `is_active` bit(1) NOT NULL DEFAULT b'1',
  PRIMARY KEY (`id`),
  UNIQUE KEY `email` (`email`),
  KEY `users_phone_idx` (`phone`),
  KEY `users_firstname_lastname_idx` (`firstname`,`lastname`)
) ENGINE=InnoDB AUTO_INCREMENT=101 DEFAULT CHARSET=utf8 COLLATE=utf8_unicode_ci;

INSERT INTO `users` VALUES ('1','Adella','Parisian','cary.quitzon@example.org','1-757-432-57','0'),
('2','Haleigh','Jones','srobel@example.org','769.235.6054','1'),
('3','Floy','Lehner','oroob@example.com','(351)029-399','0'),
('4','Sven','Langworth','lind.zackary@example.com','01945853760','0'),
('5','Wilford','Zboncak','ciara.gleichner@example.net','+67(9)404588','1'),
('6','Brett','Turcotte','nsipes@example.com','034-125-1594','1'),
('7','Weldon','Rosenbaum','bogisich.wendy@example.org','1-459-531-21','0'),
('8','Kelsie','Kilback','hilbert90@example.net','326-395-6990','1'),
('9','Eudora','Hauck','edward.corkery@example.net','03273642264','1'),
('10','Vivien','Nolan','elva.cronin@example.org','1-549-016-11','1'),
('11','Troy','Abshire','wheidenreich@example.net','428.173.6683','1'),
('12','Shaylee','West','vtrantow@example.net','492.080.7867','0'),
('13','Darren','O\'Keefe','jdickens@example.net','458-541-1162','0'),
('14','Sheila','Walker','rowe.nicholas@example.com','570-765-1926','1'),
('15','Laurie','Schowalter','misael.von@example.com','648.351.9087','1'),
('16','Keenan','Schuster','hortense.strosin@example.org','226-516-1729','1'),
('17','Eleazar','Schuppe','flo.glover@example.net','390-441-3309','1'),
('18','Markus','Mosciski','pierce.stark@example.com','004.452.7521','0'),
('19','Scot','Lowe','wilfredo16@example.net','(695)825-160','0'),
('20','Rogers','Skiles','noemy65@example.org','(259)767-467','0'),
('21','Dario','Becker','wlehner@example.org','1-148-714-30','0'),
('22','Carol','Walsh','barton.aurelie@example.org','00101483456','0'),
('23','Aurelie','Bogan','glangosh@example.com','246-177-2360','1'),
('24','Dennis','McClure','walker.baumbach@example.com','00962896274','0'),
('25','Josie','Ziemann','nicolas86@example.org','1-800-794-56','1'),
('26','Dorothy','Langosh','kirsten.rosenbaum@example.com','+84(4)169205','0'),
('27','Antonina','Bartell','konopelski.bertha@example.net','06851241220','1'),
('28','Stevie','Davis','herdman@example.com','276.261.3387','1'),
('29','Henry','Carter','daphne77@example.com','(780)808-872','0'),
('30','Margarette','Hoeger','garland.parker@example.com','+27(0)311786','1'),
('31','Abraham','Zemlak','mina70@example.org','(466)743-789','0'),
('32','Hollis','Mills','ernser.demetrius@example.net','875-450-1709','1'),
('33','Lavina','Schmitt','auer.margie@example.org','(860)407-307','1'),
('34','Mathew','DuBuque','winston39@example.net','554-472-4539','1'),
('35','Rhianna','Price','aroob@example.org','210-087-3321','1'),
('36','Michaela','Carter','walter.leann@example.org','08067849958','0'),
('37','Kevin','Kuhn','huels.madelyn@example.com','(757)417-931','0'),
('38','Garrett','Jacobs','watsica.arno@example.org','986-049-4505','1'),
('39','Pascale','Rempel','blick.hipolito@example.org','1-362-059-63','1'),
('40','Cierra','Legros','jessika87@example.org','07454275350','0'),
('41','Loyal','Gorczany','myrna.sauer@example.com','840-614-9917','0'),
('42','Stuart','Wiza','wolf.anabelle@example.net','1-711-329-52','1'),
('43','Wallace','Murazik','vmosciski@example.net','921.856.7534','0'),
('44','Oran','Rogahn','berenice.schumm@example.net','04161056516','0'),
('45','Georgianna','Hessel','dooley.marlene@example.com','1-795-117-58','1'),
('46','Shaylee','Hahn','davis.myrtle@example.com','912-463-6968','1'),
('47','Otis','Dicki','kessler.rodrigo@example.net','1-485-517-14','1'),
('48','Aron','Gislason','johnston.eugene@example.org','06150813204','0'),
('49','Mazie','Nicolas','pansy72@example.org','399-009-5293','1'),
('50','Abigail','Spencer','ratke.reina@example.com','(298)731-088','0'),
('51','Ethelyn','Schumm','consuelo99@example.com','(189)190-685','1'),
('52','Kathryne','Torphy','einar.cremin@example.org','259.381.2289','0'),
('53','Lonzo','D\'Amore','cathrine91@example.net','953.618.3153','1'),
('54','Marta','Botsford','jjakubowski@example.org','1-477-306-49','0'),
('55','Jakob','Stehr','nader.elva@example.com','942-570-7717','0'),
('56','Kenton','Barrows','mclaughlin.maudie@example.com','804-181-1863','1'),
('57','Onie','Abbott','dach.joan@example.org','642.270.3303','1'),
('58','Zoey','Ortiz','schoen.trisha@example.org','(409)374-059','1'),
('59','Mozelle','Ratke','medhurst.ole@example.net','(248)678-739','0'),
('60','Gisselle','Brown','grunolfsdottir@example.org','025.879.1274','1'),
('61','Gerhard','Connelly','rickey.steuber@example.net','1-617-111-01','0'),
('62','Carleton','Baumbach','aharber@example.com','139-790-8755','1'),
('63','Myrna','Nicolas','zklein@example.org','(734)265-233','1'),
('64','Hazle','Eichmann','wfisher@example.org','05086444491','0'),
('65','Daniela','Mitchell','ryleigh.rempel@example.org','079-438-4141','0'),
('66','Rico','O\'Kon','abernathy.dereck@example.org','585.590.2577','0'),
('67','Louvenia','Muller','jessy.marvin@example.com','(828)507-911','1'),
('68','Damaris','Witting','name20@example.org','359.513.4959','1'),
('69','Stacy','Osinski','kcollier@example.com','724-857-1640','0'),
('70','Tess','Jast','ygottlieb@example.com','220-384-8776','0'),
('71','Richie','Bergstrom','trudie.waters@example.org','1-855-110-60','1'),
('72','Edna','Graham','baylee.keeling@example.net','(069)950-910','0'),
('73','Devonte','Zieme','serenity89@example.org','1-032-512-85','0'),
('74','Brando','Cummerata','xharvey@example.net','1-581-806-98','1'),
('75','Jerrod','Crist','garry31@example.com','(835)301-739','1'),
('76','Osborne','Murazik','fokuneva@example.com','313.415.4451','1'),
('77','Hudson','Halvorson','bergstrom.lois@example.net','(110)089-578','1'),
('78','Virgie','Mayer','cassandra.anderson@example.com','(194)351-455','0'),
('79','Vickie','Keebler','isac.kuhn@example.org','147.371.6094','1'),
('80','Herta','Luettgen','nola.lemke@example.net','729-183-7391','0'),
('81','Nannie','Thompson','morissette.celia@example.org','(705)562-111','0'),
('82','Lera','Thiel','drake.jakubowski@example.com','843.070.1732','0'),
('83','Lyric','Jacobs','mohammad.gaylord@example.com','914-460-9928','0'),
('84','Lourdes','Langosh','royce.deckow@example.net','1-138-756-34','0'),
('85','Gerard','Bauch','zbeatty@example.com','1-769-234-49','1'),
('86','Connie','Cruickshank','heathcote.meda@example.com','675.323.2369','1'),
('87','Hannah','Mayer','moore.effie@example.com','117-454-1803','0'),
('88','Sister','Franecki','jermey.stark@example.org','539-210-4868','1'),
('89','Ciara','Satterfield','viva.brekke@example.com','543-251-2624','0'),
('90','Duncan','Keeling','hermiston.nedra@example.com','324.950.2724','1'),
('91','Armando','Prohaska','liana84@example.org','354.069.7998','0'),
('92','Tiara','Kuhlman','ddouglas@example.net','+83(9)704312','0'),
('93','Lavinia','Parker','anjali61@example.net','966-650-7990','0'),
('94','Janie','Okuneva','annabelle65@example.net','(578)438-901','0'),
('95','Luella','Lakin','robert.johnston@example.com','1-726-863-15','0'),
('96','Yazmin','Gottlieb','dayana01@example.net','300.364.6065','1'),
('97','Damaris','Strosin','phansen@example.com','1-030-199-57','0'),
('98','Shemar','Oberbrunner','frice@example.net','+00(3)694907','0'),
('99','Richmond','Hermiston','lwisozk@example.com','(175)775-201','1'),
('100','Shaniya','Kertzmann','granville12@example.org','02337831229','1'); 


DROP TABLE IF EXISTS `users_communities`;
CREATE TABLE `users_communities` (
  `user_id` bigint(20) unsigned NOT NULL,
  `community_id` bigint(20) unsigned NOT NULL,
  PRIMARY KEY (`user_id`,`community_id`),
  KEY `community_id` (`community_id`),
  CONSTRAINT `users_communities_ibfk_1` FOREIGN KEY (`user_id`) REFERENCES `users` (`id`) ON UPDATE CASCADE,
  CONSTRAINT `users_communities_ibfk_2` FOREIGN KEY (`community_id`) REFERENCES `communities` (`id`) ON UPDATE CASCADE
) ENGINE=InnoDB DEFAULT CHARSET=utf8 COLLATE=utf8_unicode_ci;

INSERT INTO `users_communities` VALUES ('1','1'),
('2','2'),
('3','3'),
('4','4'),
('5','5'),
('6','6'),
('7','7'),
('8','8'),
('9','9'),
('10','10'),
('11','11'),
('12','12'),
('13','13'),
('14','14'),
('15','15'),
('16','16'),
('17','17'),
('18','18'),
('19','19'),
('20','20'),
('21','21'),
('22','22'),
('23','23'),
('24','24'),
('25','25'),
('26','26'),
('27','27'),
('28','28'),
('29','29'),
('30','30'),
('31','31'),
('32','32'),
('33','33'),
('34','34'),
('35','35'),
('36','36'),
('37','37'),
('38','38'),
('39','39'),
('40','40'),
('41','41'),
('42','42'),
('43','43'),
('44','44'),
('45','45'),
('46','46'),
('47','47'),
('48','48'),
('49','49'),
('50','50'),
('51','51'),
('52','52'),
('53','53'),
('54','54'),
('55','55'),
('56','56'),
('57','57'),
('58','58'),
('59','59'),
('60','60'),
('61','61'),
('62','62'),
('63','63'),
('64','64'),
('65','65'),
('66','66'),
('67','67'),
('68','68'),
('69','69'),
('70','70'),
('71','71'),
('72','72'),
('73','73'),
('74','74'),
('75','75'),
('76','76'),
('77','77'),
('78','78'),
('79','79'),
('80','80'),
('81','81'),
('82','82'),
('83','83'),
('84','84'),
('85','85'),
('86','86'),
('87','87'),
('88','88'),
('89','89'),
('90','90'),
('91','91'),
('92','92'),
('93','93'),
('94','94'),
('95','95'),
('96','96'),
('97','97'),
('98','98'),
('99','99'),
('100','100'); 


DROP TABLE IF EXISTS `friend_requests`;
CREATE TABLE `friend_requests` (
  `initiator_user_id` bigint(20) unsigned NOT NULL,
  `target_user_id` bigint(20) unsigned NOT NULL,
  `status` enum('requested','approved','unfriended','declined') COLLATE utf8_unicode_ci DEFAULT 'requested',
  `requested_at` datetime DEFAULT current_timestamp(),
  `updated_at` datetime DEFAULT NULL,
  PRIMARY KEY (`initiator_user_id`,`target_user_id`),
  KEY `friend_requests_initiator_user_id` (`initiator_user_id`),
  KEY `friend_requests_target_user_id` (`target_user_id`),
  CONSTRAINT `friend_requests_ibfk_1` FOREIGN KEY (`initiator_user_id`) REFERENCES `users` (`id`) ON UPDATE CASCADE,
  CONSTRAINT `friend_requests_ibfk_2` FOREIGN KEY (`target_user_id`) REFERENCES `users` (`id`) ON UPDATE CASCADE
) ENGINE=InnoDB DEFAULT CHARSET=utf8 COLLATE=utf8_unicode_ci;

INSERT INTO `friend_requests` VALUES ('1','1','','2006-04-06 11:22:16','2008-10-07 01:57:06'),
('2','20','','2015-11-20 20:43:52','2011-03-08 13:01:57'),
('3','33','','2008-02-25 22:40:35','2005-10-22 08:55:55'),
('4','14','','1979-01-02 19:39:15','2014-06-08 15:10:26'),
('5','2','','1996-02-05 05:30:47','2002-10-17 20:55:28'),
('6','1','','2000-08-12 18:56:26','1982-06-30 04:47:02'),
('7','73','','2007-12-02 02:32:54','2010-07-10 17:17:47'),
('8','6','','2000-01-28 01:25:50','1981-11-05 16:57:41'),
('9','78','','1990-03-03 01:02:06','2003-08-11 03:25:19'),
('10','1','','2014-08-02 06:28:53','1974-01-06 02:33:13'),
('11','1','','2008-01-01 15:47:14','1989-12-16 02:58:26'),
('12','2','','1978-07-16 04:06:40','2019-09-08 08:28:48'),
('13','3','','1986-09-14 15:56:55','2001-10-17 10:42:47'),
('14','4','','2003-02-05 11:59:52','1983-05-25 07:15:51'),
('15','5','','1979-10-22 02:16:16','1975-10-10 00:51:13'),
('16','6','','1978-02-22 00:26:58','1992-08-07 20:16:55'),
('17','7','','1997-10-14 15:55:06','2014-06-14 01:47:13'),
('18','8','','1997-06-04 02:33:23','2013-12-19 05:57:36'),
('19','9','','1988-06-15 01:04:39','2016-09-14 20:05:27'),
('20','2','','1999-11-29 18:03:02','1986-09-13 12:09:44'),
('21','11','','1985-03-04 01:59:52','2007-06-03 01:14:07'),
('22','12','','1985-01-13 03:51:10','2017-12-02 17:23:28'),
('23','13','','1978-09-29 14:01:11','1981-12-20 21:12:45'),
('24','14','','1986-10-03 12:02:35','1991-12-23 00:47:18'),
('25','15','','1984-05-17 21:59:41','2007-05-19 15:02:53'),
('26','16','','2001-01-13 08:56:51','1974-01-26 07:20:39'),
('27','17','','1999-04-30 03:07:25','2017-03-02 04:13:35'),
('28','18','','1977-09-08 07:57:20','1973-01-20 07:41:49'),
('29','19','','2011-11-15 02:20:21','2011-02-14 17:57:48'),
('30','10','','2013-09-08 11:42:59','1982-12-30 06:23:42'),
('31','55','','1991-12-23 10:30:00','2006-01-17 21:03:56'),
('32','35','','1974-01-03 20:57:47','1982-04-05 07:54:01'),
('33','53','','1989-08-06 12:53:29','1974-11-26 17:17:29'),
('34','44','','1983-11-18 11:50:29','2011-02-21 06:49:35'),
('35','85','','2010-04-11 06:39:19','2004-10-14 23:10:32'),
('36','26','','1990-04-10 15:09:23','1974-04-26 23:26:51'),
('37','17','','1971-02-04 10:15:33','2000-11-17 08:03:54'),
('38','39','','1977-02-17 21:47:29','1975-04-20 06:04:01'),
('39','99','','2003-08-23 14:33:03','1977-07-01 05:51:10'),
('40','90','','2015-12-09 01:51:22','1999-09-03 19:09:52'),
('41','61','','2018-11-25 02:35:27','2008-06-26 14:56:25'),
('42','82','','2010-02-13 15:04:31','1980-03-15 06:30:02'),
('43','73','','1999-02-14 11:52:29','2003-07-25 03:40:35'),
('44','34','','1975-12-19 01:24:31','1976-12-21 20:42:13'),
('45','45','','1970-01-01 23:23:02','2003-08-03 11:06:38'),
('46','6','','2002-10-17 20:41:43','1970-03-02 12:10:52'),
('47','7','','1992-04-03 08:31:50','2009-08-14 17:11:33'),
('48','68','','1998-05-04 12:14:01','1989-08-02 16:29:13'),
('49','29','','1986-12-03 21:57:38','2013-02-03 06:37:45'),
('50','30','','2006-01-29 09:21:36','1984-12-11 08:35:57'),
('51','51','','1977-06-17 12:03:22','2012-12-02 14:01:36'),
('52','92','','1971-11-07 08:06:12','1984-01-03 23:22:52'),
('53','93','','1973-12-08 23:04:42','2005-11-29 10:34:55'),
('54','44','','1971-02-25 22:45:41','1977-05-19 14:55:24'),
('55','35','','1989-04-20 14:17:41','2011-01-26 09:33:55'),
('56','16','','1992-05-12 07:32:46','1990-03-26 18:08:20'),
('57','7','','2010-02-28 14:08:47','2016-08-07 16:51:35'),
('58','5','','1994-07-05 09:45:27','2006-11-09 08:04:09'),
('59','53','','1975-05-09 19:00:00','1972-11-27 09:42:50'),
('60','10','','1992-05-16 08:16:23','1978-09-29 18:33:38'),
('61','11','','1982-02-17 21:07:26','2008-04-15 16:06:38'),
('62','22','','2007-06-06 11:30:32','2010-08-03 21:37:38'),
('63','33','','2015-10-20 22:40:29','1972-06-07 12:40:12'),
('64','44','','1997-12-03 22:13:07','1988-06-27 15:43:07'),
('65','55','','1980-10-15 18:28:12','2006-12-08 21:14:53'),
('66','76','','1990-10-15 03:51:54','2009-02-27 08:50:52'),
('67','87','','1977-01-05 22:08:19','1984-06-28 05:31:26'),
('68','18','','2007-09-04 19:33:09','2005-08-02 07:32:13'),
('69','39','','1991-06-15 20:57:18','1972-11-27 01:38:11'),
('70','10','','2003-01-18 23:18:41','1993-12-16 11:51:43'),
('71','21','','1988-06-05 16:28:02','1997-07-26 10:09:01'),
('72','42','','1988-10-05 03:07:53','1975-12-12 22:52:40'),
('73','53','','1985-11-16 13:05:13','1970-06-09 10:38:15'),
('74','64','','1997-10-27 19:53:36','1970-10-10 09:23:57'),
('75','5','','1997-04-25 23:27:32','2015-09-29 21:02:27'),
('76','46','','2000-06-24 13:15:48','1972-04-05 03:29:58'),
('77','37','','2019-11-29 00:04:24','1989-01-10 15:58:24'),
('78','78','','1986-07-15 12:31:17','2000-12-24 14:52:31'),
('79','89','','1999-09-30 06:50:23','1979-08-21 22:21:47'),
('80','90','','2000-02-03 06:35:50','1983-03-18 21:54:11'),
('81','1','','1988-04-09 23:22:15','1989-11-09 16:31:11'),
('82','99','','2018-05-11 03:23:39','1977-02-12 14:35:36'),
('83','5','','1987-07-20 00:55:28','2005-08-06 16:10:55'),
('84','64','','1996-02-29 14:38:09','1987-08-17 18:51:52'),
('85','65','','1998-03-31 14:22:26','1984-11-20 02:12:35'),
('86','26','','1997-10-15 07:52:49','1995-08-24 03:59:21'),
('87','37','','2010-03-25 07:10:18','1994-04-16 15:52:12'),
('88','48','','1983-01-28 12:46:45','1998-12-18 05:15:30'),
('89','69','','2007-06-24 06:07:13','1981-01-26 17:07:00'),
('90','60','','2008-04-02 03:55:40','1973-08-26 22:51:31'),
('91','1','','1978-03-13 07:27:10','1993-04-19 06:21:16'),
('92','2','','1971-08-29 06:19:58','1972-01-26 22:47:15'),
('93','93','','1972-11-22 06:05:42','1979-10-14 01:52:21'),
('94','24','','1983-12-24 13:00:54','2005-08-13 00:48:54'),
('95','25','','1980-04-10 16:49:48','1978-01-24 23:49:29'),
('96','76','','1995-09-27 22:04:37','2013-06-06 07:32:49'),
('97','77','','2013-10-09 00:04:46','1985-03-18 05:37:53'),
('98','9','','1986-11-02 00:18:32','1995-08-07 18:59:06'),
('99','100','','2015-10-07 12:06:54','1990-05-20 19:50:31'),
('100','10','','2014-06-23 10:07:54','1990-10-29 20:00:26'); 

DROP TABLE IF EXISTS `media_types`;
CREATE TABLE `media_types` (
  `id` bigint(20) unsigned NOT NULL AUTO_INCREMENT,
  `name` varchar(255) COLLATE utf8_unicode_ci NOT NULL,
  `created_at` datetime DEFAULT current_timestamp(),
  `updated_at` datetime DEFAULT current_timestamp() ON UPDATE current_timestamp(),
  PRIMARY KEY (`id`)
) ENGINE=InnoDB AUTO_INCREMENT=11 DEFAULT CHARSET=utf8 COLLATE=utf8_unicode_ci;

INSERT INTO `media_types` VALUES ('1','vero','2015-03-26 08:00:22','2001-11-09 15:35:16'),
('2','sapiente','1971-10-06 12:26:05','1996-07-31 22:57:11'),
('3','suscipit','1987-06-21 07:49:34','2009-08-10 22:51:04'),
('4','illum','2005-02-25 20:26:16','1999-03-22 07:58:13'),
('5','rerum','1974-12-06 19:05:47','2019-01-17 04:39:06'),
('6','qui','1988-03-11 17:07:40','1981-12-06 23:06:36'),
('7','omnis','1978-02-27 10:18:24','1970-09-11 14:06:10'),
('8','ipsum','1993-05-16 03:53:06','2017-03-06 01:00:16'),
('9','amet','2017-06-19 15:27:21','2006-11-01 06:44:28'),
('10','aut','1982-12-04 22:16:06','1994-02-02 23:16:27'); 


DROP TABLE IF EXISTS `media`;
CREATE TABLE `media` (
  `id` bigint(20) unsigned NOT NULL AUTO_INCREMENT,
  `media_type_id` bigint(20) unsigned NOT NULL,
  `user_id` bigint(20) unsigned NOT NULL,
  `body` text COLLATE utf8_unicode_ci DEFAULT NULL,
  `filename` varchar(255) COLLATE utf8_unicode_ci DEFAULT NULL,
  `size` int(11) DEFAULT NULL,
  `metadata` longtext CHARACTER SET utf8mb4 COLLATE utf8mb4_bin DEFAULT NULL,
  `created_at` datetime DEFAULT current_timestamp(),
  `updated_at` datetime DEFAULT current_timestamp() ON UPDATE current_timestamp(),
  PRIMARY KEY (`id`),
  KEY `media_user_id` (`user_id`),
  KEY `media_type_id` (`media_type_id`),
  CONSTRAINT `media_ibfk_1` FOREIGN KEY (`user_id`) REFERENCES `users` (`id`) ON UPDATE CASCADE,
  CONSTRAINT `media_ibfk_2` FOREIGN KEY (`media_type_id`) REFERENCES `media_types` (`id`) ON UPDATE CASCADE
) ENGINE=InnoDB AUTO_INCREMENT=101 DEFAULT CHARSET=utf8 COLLATE=utf8_unicode_ci;

INSERT INTO `media` VALUES ('1','1','1','Ullam laboriosam rem consequuntur ad laboriosam autem neque. Ut accusamus et tempore vel aut. Consequuntur voluptatem quae delectus amet ea illum officia.','torrent','7591',NULL,'2015-03-31 16:05:13','2012-05-14 11:22:32'),
('2','2','2','Vitae iusto similique dolorem earum vero dolorum molestiae fugiat. Quis sit eveniet vel. Quae in fuga deleniti voluptatibus repellendus quis odio. Harum minima neque velit eum a voluptas quis.','xaml','34967269',NULL,'1991-10-12 05:27:44','2006-10-27 23:43:33'),
('3','3','3','Consequatur consequatur minus aut ex omnis et consequuntur eligendi. Suscipit omnis rerum debitis voluptatem dicta eius reiciendis. Vitae quaerat et reprehenderit possimus consectetur dignissimos.','pgm','0',NULL,'1982-12-04 20:18:07','1976-11-09 18:13:25'),
('4','4','4','Magnam ut aut ab delectus consequuntur natus nesciunt. Rerum voluptates quaerat nam non. Placeat nostrum ut sapiente quidem aut. Eveniet doloremque et quibusdam in dignissimos qui.','wmd','76373086',NULL,'1989-10-10 06:07:14','2006-02-21 20:13:41'),
('5','5','5','Vel dolores culpa veritatis quibusdam doloremque magni. Esse dolorum ut architecto ratione nihil et animi.','so','0',NULL,'1988-01-31 11:47:39','1999-11-16 09:56:21'),
('6','6','6','Quod vitae at laborum sint magnam quisquam odio. Nostrum assumenda ut dicta nobis ut quidem id.','wbmp','544756886',NULL,'1982-03-16 02:24:52','1985-11-14 03:50:14'),
('7','7','7','Impedit dolores officiis iure cumque autem non. Et eligendi et architecto. Qui tenetur optio ipsa et dolore autem. Iure nulla dolores laborum omnis consequatur cupiditate.','xdp','0',NULL,'1970-11-16 16:18:17','1971-02-02 21:04:17'),
('8','8','8','Consequatur aspernatur velit dolorem quasi. Cum iusto dolores aut asperiores. Sunt est sint voluptatem maiores.','xpi','7166',NULL,'2015-02-11 03:04:42','2010-06-28 03:49:45'),
('9','9','9','Delectus eum laboriosam dolor corporis ex soluta. Voluptas aperiam ut culpa quam quibusdam ullam. Enim voluptas sit unde qui. Et ullam cum ipsam sit. Et qui harum rem ea repudiandae.','chat','0',NULL,'1975-06-18 04:34:10','1995-08-14 20:11:31'),
('10','10','10','Repellat qui rerum hic dolorem. Laborum porro fugiat qui voluptates at explicabo optio qui. Repellat eligendi et qui maxime ipsum.','uvz','67',NULL,'1996-04-26 13:24:25','2001-03-20 05:48:21'),
('11','1','11','Dolor soluta sint neque est minus dolorum. Reiciendis sit nobis laboriosam est minima commodi et. Perspiciatis iste quis id qui excepturi incidunt.','sfd-hdstx','558',NULL,'2002-06-19 03:04:31','2000-11-28 18:30:11'),
('12','2','12','Ratione non ea harum. Consequatur nisi itaque voluptate reprehenderit aperiam est distinctio neque. Aut consequatur vero doloribus similique rem.','pre','21',NULL,'1979-05-07 05:59:28','1987-05-04 23:07:19'),
('13','3','13','Dolores necessitatibus voluptate amet explicabo alias. Tempore non praesentium aut quia aut omnis assumenda. Exercitationem delectus placeat provident deserunt ea molestiae aperiam. Et distinctio dicta quod quos dolor rerum.','sub','529644',NULL,'2003-05-31 23:33:33','1995-03-25 14:50:12'),
('14','4','14','Voluptatem debitis tempora praesentium aperiam repellat sint. Earum temporibus non aut quae repellat at quo.','wmx','869768587',NULL,'1994-01-11 19:23:21','2007-01-06 23:39:50'),
('15','5','15','Sed vel et illum nesciunt voluptatibus sint. Eum tenetur eligendi voluptas vitae facere dolor id. Illo inventore enim incidunt labore rerum aut perferendis.','ra','0',NULL,'2019-02-16 11:36:54','1991-04-13 15:38:47'),
('16','6','16','Accusantium expedita quis et qui. Non aut et dolor qui quia voluptatibus enim. Explicabo harum facilis iste est. Sit fuga commodi ullam cupiditate explicabo aut delectus.','weba','867315020',NULL,'1996-12-20 09:29:35','2011-10-07 23:58:38'),
('17','7','17','Rerum dicta qui natus quia maxime quo. Nisi in dolorem esse dolorem eos. Et maiores quis quasi dolorem sunt minima eum. Molestiae voluptatibus consequatur dolorem est eum officiis totam.','vcx','8755693',NULL,'1975-05-06 23:49:27','2013-04-06 20:14:38'),
('18','8','18','Nostrum laborum ex non debitis sed excepturi quasi. Numquam omnis provident delectus dolorum accusantium iste voluptate. Sunt commodi quia consequuntur illo est inventore molestiae facere. Adipisci odit aut aut optio quia.','latex','0',NULL,'2011-10-13 04:16:30','2016-03-23 09:43:57'),
('19','9','19','Minima iste neque quasi dolorum sed. Illo soluta in rem iure odio accusamus quisquam quia. Dignissimos aut qui ut natus voluptatibus nisi ut. Rem perferendis dolor delectus odio.','mlp','23919',NULL,'1984-04-19 03:37:43','1994-10-01 18:28:33'),
('20','10','20','Id voluptatibus laborum non et laboriosam tempore. Asperiores possimus ea debitis.','mng','98611781',NULL,'1982-12-28 04:04:50','1974-09-26 02:09:39'),
('21','1','21','Accusamus iure nihil id iste optio autem accusantium perspiciatis. Provident consectetur rerum in nesciunt. Molestiae suscipit id ab quo excepturi iste perferendis est.','link66','33599',NULL,'1985-06-09 03:04:01','2005-06-27 04:00:56'),
('22','2','22','Eveniet dolores dolores non recusandae. Placeat esse iste sed cumque. Deleniti facere fugit consectetur quo. Quidem eos qui rem enim error voluptates.','msf','40700539',NULL,'1997-03-21 09:43:10','1974-08-23 18:05:25'),
('23','3','23','Molestiae neque et et et sint modi. Nisi iure voluptatem suscipit delectus quod qui ipsa. Quisquam non rerum sit autem. Maxime tempora omnis qui sit in.','btif','908',NULL,'1998-11-09 12:03:38','1992-06-06 02:38:44'),
('24','4','24','Explicabo officiis accusantium repellat exercitationem. Suscipit ex eveniet fuga molestias atque. Possimus suscipit sint iusto ut aut omnis ut.','kwt','18574516',NULL,'1999-02-26 23:09:49','1993-03-18 12:12:59'),
('25','5','25','Ea natus quia officia suscipit magni. Maxime vero earum dolores vel quasi. Earum perspiciatis perferendis repellendus sunt labore dolores culpa. Similique incidunt voluptas et perferendis quasi adipisci voluptates sed.','dotm','2',NULL,'2017-03-01 03:37:11','1996-03-25 08:31:05'),
('26','6','26','Est harum at ipsum sunt asperiores consequatur soluta. Ut voluptatem aut et. Sint quos illo quo neque. Tempore rem laudantium enim et commodi.','potm','0',NULL,'1986-08-03 22:27:55','1977-03-05 15:36:24'),
('27','7','27','Ex et placeat consequuntur est et mollitia est. Similique laudantium rerum hic accusamus dolores sint. Provident asperiores qui sunt explicabo totam consequatur.','ras','20574742',NULL,'1991-07-23 04:52:23','2014-10-20 18:59:01'),
('28','8','28','Occaecati sed ullam deleniti asperiores magni accusamus voluptas. Ut eaque id non aspernatur alias esse. Reprehenderit modi ut est inventore similique veritatis. Dolor nihil aut quae ut reiciendis. Maxime eum iste voluptatibus.','mobi','437686',NULL,'2000-11-12 02:45:36','1997-10-02 19:45:35'),
('29','9','29','Ratione et sapiente aut. Minus et est fugiat sit eius officiis. Officiis ab et aut aut accusamus odit voluptatem.','urls','62853124',NULL,'1970-08-17 21:38:02','1994-10-19 04:07:28'),
('30','10','30','Rerum enim corporis et amet repellendus. Aut repellat consectetur dicta veritatis maiores. Dolorem repellendus veritatis fugit iste consequatur ut rerum.','umj','3012',NULL,'1972-11-01 06:33:53','2004-02-15 19:53:10'),
('31','1','31','Perspiciatis sed nihil sed animi reiciendis. Cum voluptates necessitatibus assumenda aliquam eius voluptas.','link66','77332099',NULL,'2007-06-27 12:07:02','1981-03-02 15:47:38'),
('32','2','32','Eaque aut qui sapiente earum qui ut amet. Hic rerum eveniet autem consequatur. Et id voluptatum consequuntur est. Distinctio numquam assumenda aut nam omnis commodi.','webp','56611613',NULL,'2014-04-25 14:13:34','2017-05-02 18:05:26'),
('33','3','33','Enim esse ut officia aut. Expedita perferendis perferendis unde similique voluptatibus placeat. Quas et atque rerum dolores qui. Laboriosam ex perferendis quia qui.','3g2','2',NULL,'2013-09-07 08:46:56','1993-01-12 14:47:49'),
('34','4','34','Molestiae est mollitia dolorem. Id iusto ipsum in deleniti. Tenetur maiores corrupti quia et omnis occaecati.','xul','46768',NULL,'1992-09-08 19:07:06','1975-05-29 11:53:53'),
('35','5','35','Libero aut aliquid voluptatem aut laudantium veritatis. Et unde nulla unde maiores quis rerum autem. Et tempore voluptate ex officiis. Itaque ab culpa culpa commodi eaque.','clp','894',NULL,'2007-03-18 20:22:48','2018-10-09 07:01:46'),
('36','6','36','Ut et omnis repudiandae reiciendis. Alias voluptatem dolorem voluptatum et. Sunt maxime tempore odit consectetur et est corrupti veniam.','ogv','6204',NULL,'1988-01-20 09:54:54','2017-07-16 02:41:12'),
('37','7','37','Beatae est voluptas qui repellat voluptatibus. Provident aut laboriosam molestiae nulla vitae. Vel laborum cumque odit qui.','st','4',NULL,'2014-09-30 21:07:19','2001-09-14 01:30:32'),
('38','8','38','Recusandae officiis atque esse voluptatem voluptates voluptatem. Deserunt quasi in delectus quo deserunt deserunt iure. Aut ut totam modi. Facere quo eos corrupti dolorum alias.','otc','140710',NULL,'1995-12-09 13:17:31','1980-06-27 20:15:42'),
('39','9','39','Libero exercitationem sit qui architecto voluptatem in. Et est assumenda reprehenderit iste nemo sit rerum inventore. Quia reprehenderit dolore impedit similique libero.','yin','13',NULL,'1995-08-15 08:18:49','2008-04-05 02:16:32'),
('40','10','40','Facilis sit libero rem enim voluptates. Temporibus est occaecati ullam adipisci nisi qui.','rdz','4',NULL,'1979-06-10 14:27:31','2001-11-06 19:17:18'),
('41','1','41','Dignissimos incidunt provident autem dolor velit ipsam. Voluptate sunt et quo officiis sit. Atque qui in ut.','mxl','126',NULL,'1996-10-04 14:50:09','1988-12-31 18:39:52'),
('42','2','42','Earum assumenda vel et at. Consequatur autem rerum nostrum commodi deserunt perferendis ipsam. Deserunt voluptatem veritatis magni atque amet vel iure. Cumque eos modi ipsam porro.','asf','54',NULL,'2014-01-17 02:16:18','1996-02-17 11:14:05'),
('43','3','43','Enim placeat ea dolor hic rerum ea adipisci. Nihil eius excepturi exercitationem eos alias. Ullam autem officia omnis ab. Ipsam aliquid rerum velit illum natus occaecati consequatur.','lrm','76057',NULL,'2014-08-04 01:14:03','1980-07-26 05:22:55'),
('44','4','44','Voluptate numquam explicabo dolore. Ut consequatur labore vel atque. Eius est expedita aut exercitationem quidem rerum ut. Sit soluta animi saepe ut sit et.','wml','601',NULL,'2001-07-24 13:15:58','1977-12-09 06:44:45'),
('45','5','45','Impedit ut aut velit ducimus consequatur consectetur recusandae. Itaque ut sint cum laboriosam. Quis autem dicta soluta consequatur quam fugit. Molestias cumque molestiae beatae nisi.','ppm','27340',NULL,'1994-05-19 16:23:45','1975-01-20 12:09:22'),
('46','6','46','Qui soluta et dicta amet voluptatum non cumque. Dignissimos optio architecto unde. Qui commodi ea eveniet veniam quas.','tpt','22352',NULL,'1983-03-28 05:35:26','1992-08-15 13:35:13'),
('47','7','47','Ut eum aperiam rerum architecto saepe quos fugit. Quis voluptatem et ut dolores. Impedit quisquam eveniet beatae.','svg','22026',NULL,'1973-07-23 18:53:24','2011-09-14 09:51:31'),
('48','8','48','Dolore voluptatum itaque blanditiis rem ut eos quae nihil. Id vel id consequatur voluptas sit enim. Et repellendus minus nihil unde quo perspiciatis. Quasi numquam quae laboriosam autem rem veniam eos deleniti. Vero aliquid libero similique harum occaecati est quisquam.','pbm','44',NULL,'1985-11-04 07:41:50','1995-11-28 19:46:45'),
('49','9','49','Assumenda non ad voluptatem et officia voluptate. Delectus accusantium corporis omnis id ipsam necessitatibus libero. Ut praesentium ut minima ut culpa. Et quibusdam eaque in veritatis modi voluptate.','mng','56232320',NULL,'2007-02-12 17:08:55','1986-10-02 18:43:57'),
('50','10','50','Et tenetur nesciunt iure tempora molestiae nihil nihil. Est impedit soluta dolores laboriosam sunt asperiores.','lbd','894',NULL,'1998-11-06 09:40:42','1997-04-13 06:59:12'),
('51','1','51','Ipsa consequatur sed alias debitis incidunt voluptatem. Neque accusantium quas iusto quasi dolore. Distinctio illo eum cumque nobis consequuntur delectus. Minima iusto vero quam laboriosam consequatur velit voluptatum quos. Sunt labore aut facere.','uvvx','2',NULL,'1999-11-12 07:52:05','2017-06-05 05:56:09'),
('52','2','52','Incidunt numquam fugit quia et quos. Reiciendis praesentium harum esse temporibus. Quidem eveniet repellendus quo perspiciatis fugiat dicta.','tra','350',NULL,'2011-04-21 14:26:41','2000-12-16 02:02:33'),
('53','3','53','Labore fugiat voluptas impedit nisi unde fugiat. Neque est unde consequatur aliquam. Quasi voluptatibus neque ut voluptas veniam. Recusandae ipsam vel labore.','flx','37101',NULL,'1983-09-10 09:35:55','2014-09-26 09:39:51'),
('54','4','54','Qui nihil nulla voluptates quia quis voluptatem. Molestias consequatur omnis porro.','xfdl','566304',NULL,'1978-01-07 14:31:31','1977-05-17 00:10:36'),
('55','5','55','Beatae veniam fugit cupiditate vitae quos aut. Officiis in ut ut eum quia neque velit. Accusamus quam veritatis sequi dicta.','x3db','96',NULL,'1987-06-22 11:20:47','2011-04-13 01:20:18'),
('56','6','56','Rerum repellat fugit neque ea magnam qui. Minima commodi assumenda recusandae alias. Et voluptatum rerum repellat suscipit.','gdl','0',NULL,'2015-09-22 09:43:13','1978-10-23 13:37:45'),
('57','7','57','Animi exercitationem similique animi consequuntur eum exercitationem quod. Et corrupti corrupti et facilis ab maiores. Aperiam ipsam quidem rerum dolor sapiente minima. Rerum quae consequuntur adipisci harum.','mseed','0',NULL,'1974-10-29 08:58:39','2019-07-24 18:39:57'),
('58','8','58','Cupiditate sit sit delectus praesentium ea recusandae cumque. Saepe et non incidunt ratione id. Itaque mollitia voluptatem corporis.','uvg','39406780',NULL,'1999-08-20 12:00:40','2017-01-19 16:02:57'),
('59','9','59','Ipsum est blanditiis debitis officiis nam autem impedit. Sit saepe error est eos quisquam et rerum. Officiis laborum fugiat iste maxime neque sint a. Fugit id laborum sapiente nihil.','x3d','6602031',NULL,'1975-08-01 05:41:17','2016-08-01 20:22:49'),
('60','10','60','Voluptatem ducimus doloribus quia. Quam exercitationem delectus atque expedita fugiat. Voluptatibus voluptatem quia ea voluptates molestiae unde. Molestias aspernatur et dolores quos enim quo.','vcx','92098742',NULL,'1987-11-20 09:00:41','1983-03-11 11:55:14'),
('61','1','61','Dolores occaecati amet ea ea. Omnis et recusandae neque rem ipsum velit sunt. Facere ut rerum quia sint dolor. Vitae vero accusantium et optio consequatur.','fpx','5126',NULL,'1972-06-17 23:08:48','2013-06-07 13:30:22'),
('62','2','62','Et molestias velit sed laudantium sequi. Quibusdam voluptatibus eligendi assumenda vitae numquam. Enim maxime itaque et vel quos. Porro magni aliquid debitis nam nemo velit.','ico','38615079',NULL,'2008-09-20 21:13:05','1970-09-07 21:13:07'),
('63','3','63','Aliquid qui sapiente quod voluptatibus rerum aperiam. Esse eum aliquam nisi iusto et in tempora. Dolorem delectus enim quia debitis aut debitis explicabo quam. Est earum rerum alias est quod corporis iste.','emma','8940413',NULL,'1970-02-14 14:04:32','1982-12-27 11:49:14'),
('64','4','64','Aut quia dolorem impedit doloribus. Commodi nesciunt cum et qui. Consequatur rerum autem omnis fugit. Minima ut consequatur nemo.','thmx','486',NULL,'2006-01-21 21:33:14','2016-06-25 11:26:27'),
('65','5','65','Ab itaque sed repellat dolor. At et nihil et veniam cum quia aut. Corporis ipsum totam repellat officiis. Mollitia quam excepturi eum ea et quos velit.','avi','601',NULL,'2016-10-09 04:38:46','1991-07-25 22:11:48'),
('66','6','66','Ut magnam aspernatur voluptates quia. Labore est reiciendis velit aut doloribus aut. Autem totam molestiae corrupti quam. Nesciunt sapiente dolorem necessitatibus repellendus doloremque.','weba','54123638',NULL,'2004-04-20 12:14:14','2004-07-04 15:49:21'),
('67','7','67','In in incidunt veniam quis quia ea. Exercitationem sequi et non in facere dolorem repellat. Unde ut aperiam quasi et. Reiciendis iure id dolorem quos autem earum sunt est.','wmls','5597709',NULL,'2015-01-18 02:36:10','1980-02-15 17:56:55'),
('68','8','68','Rerum libero molestias aperiam nisi et ab. Placeat et itaque qui dolores totam. Enim illum minus neque voluptate et ipsa vero mollitia. Autem veniam illum odit explicabo accusantium.','jad','48641',NULL,'2017-05-15 11:31:47','1976-05-06 08:02:31'),
('69','9','69','Libero accusamus velit sed. Placeat est a voluptas ratione hic. Nihil accusantium et ipsa sunt tempora.','jpgv','24773641',NULL,'1973-12-02 19:47:28','1980-03-11 00:42:58'),
('70','10','70','Aperiam amet totam in temporibus possimus. Aut culpa placeat neque aliquam in. Ut occaecati omnis est rem.','png','615949',NULL,'2011-12-18 00:59:14','1999-07-17 17:53:13'),
('71','1','71','Possimus aut inventore fugiat sit commodi labore sapiente. Voluptatem quaerat culpa aliquid doloremque quisquam consequuntur voluptas enim. Voluptatem debitis temporibus hic quas.','m3u','644748',NULL,'1972-09-11 23:53:22','2007-03-12 02:17:14'),
('72','2','72','Voluptatem quia ut qui maxime dolores dolores. Dolorem minima atque et repellat labore quos. Perferendis qui quia voluptates ea architecto tempora voluptatem.','semf','67',NULL,'1998-03-02 06:06:54','2006-12-24 04:26:20'),
('73','3','73','Dicta quod veritatis quasi vero esse velit et. Corporis molestiae ducimus eaque quia deleniti reprehenderit sed. Voluptatum suscipit cupiditate reprehenderit natus eius aspernatur nesciunt sed. Ut nemo et culpa provident sapiente.','pptm','1251',NULL,'2009-02-25 13:41:14','1979-03-06 20:01:37'),
('74','4','74','Porro commodi non soluta quasi iste aut sed. Modi laborum sunt voluptas voluptatem eligendi. Accusamus fuga praesentium et amet nam. Reprehenderit vel id minima sequi sunt.','umj','6031',NULL,'2015-07-24 15:26:10','2004-12-24 23:40:44'),
('75','5','75','Dolores a et quo ea fugiat. Earum aut quas voluptatem hic culpa. Sint debitis quis rerum quae et quaerat. Et qui aut maxime quaerat aut.','dot','0',NULL,'1984-06-22 21:47:47','2014-08-01 23:17:25'),
('76','6','76','Nesciunt quia dolor totam rerum et incidunt. Totam nulla aut non. Saepe non eaque quia animi aliquam.','sxc','721',NULL,'1971-02-11 06:19:56','1999-12-11 22:47:21'),
('77','7','77','Voluptatem nihil quidem explicabo voluptatibus laborum. Non dolorem nulla expedita ratione voluptas pariatur porro nobis. Sit veniam voluptates rerum sed consequatur aut amet. Rem beatae excepturi quia officia in eos alias.','ktx','31057023',NULL,'2009-05-30 09:28:20','1976-09-22 10:59:21'),
('78','8','78','Quia vel voluptas unde dolorum quis. Ad mollitia neque et et ullam et nostrum. Amet quo aut quia nisi iure maxime rerum tempora. Nobis aut debitis ab sunt est ea.','mp4','6781',NULL,'2000-09-09 13:15:54','2004-06-03 04:23:05'),
('79','9','79','Voluptate accusamus dolores nesciunt explicabo modi. Et dolor sint sit facere. Vel fugiat possimus ex maxime voluptas doloribus. Distinctio dicta ut autem magni.','cpio','273',NULL,'1981-06-09 10:07:56','2011-12-02 02:12:07'),
('80','10','80','Quisquam minus ad et fugiat distinctio tempora nihil. Et dolorem voluptate rerum nisi.','xspf','4',NULL,'2002-11-04 04:51:10','1987-10-03 20:56:58'),
('81','1','81','Fugiat quae commodi ut qui ea nesciunt. Quia maiores et sit quia sint accusantium. Et nam molestiae placeat vel et delectus. Aut aut earum recusandae ea recusandae et. Eligendi est quo cum voluptates qui architecto quidem.','csv','18334767',NULL,'1974-03-18 19:37:50','1978-03-05 17:23:18'),
('82','2','82','Nostrum quia et culpa. Rerum voluptatem non est omnis quibusdam et quia sunt. Dolores laboriosam nulla nostrum laboriosam. Quam quo quis labore aliquam ex ipsa similique.','mime','29',NULL,'1975-07-21 03:41:17','1977-08-08 20:24:32'),
('83','3','83','Voluptates nostrum mollitia expedita vel et. Enim et eum laboriosam eligendi voluptas vel fugit.','t3','9698',NULL,'1978-12-17 18:04:15','2007-04-20 12:07:43'),
('84','4','84','Illo voluptatem quasi tenetur. Velit quaerat doloremque voluptas aut voluptas incidunt quasi. Consequuntur nesciunt et vel ut rerum natus. Aut pariatur id perspiciatis ratione.','pgp','56844',NULL,'2014-02-12 10:45:53','1976-06-02 02:13:37'),
('85','5','85','Non fugiat quos temporibus beatae. Qui cumque alias pariatur dolore. Cupiditate ut et quia fugit qui.','tao','1',NULL,'2009-12-29 23:07:55','1979-07-25 18:08:52'),
('86','6','86','Cupiditate quo totam tempora. Voluptatem aut beatae atque minima est labore doloremque. Est aut sit est id maiores possimus.','kon','8932',NULL,'2018-03-29 12:41:53','2007-04-25 15:56:58'),
('87','7','87','Voluptate aperiam perferendis nam quia totam sed sit. Sapiente nisi doloremque deserunt vel ut eveniet. At doloribus a maiores nesciunt est veniam. Architecto expedita est odit architecto amet odit. Pariatur error nobis expedita quasi.','odi','50',NULL,'2016-01-14 03:51:42','2012-02-27 23:55:04'),
('88','8','88','Ratione repudiandae aspernatur temporibus nulla ut vitae aut. Illo esse est dolorem corrupti consequatur. Non dolorum assumenda est.','xo','0',NULL,'1997-08-19 12:26:56','2002-10-04 22:59:01'),
('89','9','89','Cumque provident fuga pariatur repellat. Cumque assumenda qui ut totam in. Illo ut autem saepe incidunt et. Et sit eos voluptatem quia magni neque incidunt. Tenetur exercitationem totam non corrupti quo quasi.','sldm','1871',NULL,'2014-10-11 22:43:15','1977-01-10 04:27:56'),
('90','10','90','At corporis est velit consectetur occaecati. Aliquid est delectus molestiae nam. Expedita aspernatur suscipit molestiae voluptates. Mollitia odio doloremque inventore aut.','wmd','391010527',NULL,'1983-04-07 06:09:12','1972-08-20 00:08:55'),
('91','1','91','Facilis corrupti cum temporibus quidem. Et quis natus libero est sequi. Voluptatem magni eum dolorem nihil aut.','lostxml','3779',NULL,'1996-09-27 21:49:04','1995-10-09 11:58:47'),
('92','2','92','Aut sint quae aperiam in neque fugit doloremque. Necessitatibus ut voluptates voluptatum voluptatibus numquam quo voluptatibus. Recusandae sequi labore sed.','eml','0',NULL,'2009-04-27 09:18:56','1983-09-27 11:58:23'),
('93','3','93','Error omnis possimus est soluta. Modi iusto perspiciatis vel. Ducimus tempora ea quia explicabo est hic aut. Quod ab vel quis ex aperiam nulla voluptas. Odit provident et sit consectetur.','blorb','67907324',NULL,'1983-11-24 14:26:39','2010-09-03 12:09:44'),
('94','4','94','Illo sint qui dicta beatae dolor in. Dolore sed ea molestiae. Accusantium totam hic nesciunt aperiam architecto ea. Quia minus vel sit vel.','ivp','0',NULL,'1986-03-28 12:59:24','1992-04-23 15:12:52'),
('95','5','95','Molestiae voluptatum accusantium voluptate. Aut sed non nesciunt veniam. Blanditiis necessitatibus hic velit temporibus hic dolores. Accusamus et velit sapiente exercitationem qui.','wsdl','1532281',NULL,'1984-12-21 08:31:11','1971-11-28 14:58:23'),
('96','6','96','Et est tempore nulla rerum. Velit soluta itaque provident sint eveniet. Consequatur tenetur sed deleniti accusantium facere sed cum. Nobis velit totam eaque iste sed debitis et cumque. Tempore saepe ullam consequatur provident magnam.','pdf','8707',NULL,'1977-01-18 09:02:26','1996-09-24 18:27:43'),
('97','7','97','Autem eveniet eum corporis non. Similique sit recusandae rerum consectetur officiis. Accusamus atque blanditiis et eum ut voluptatem vitae laboriosam.','xz','9',NULL,'1997-05-06 05:40:51','1993-07-16 16:29:33'),
('98','8','98','Pariatur sint dolores tenetur quisquam rem cupiditate quidem. Voluptatem nam ut fugiat.','x3dv','103522',NULL,'2019-12-13 02:20:07','1982-01-15 05:13:36'),
('99','9','99','Adipisci unde id voluptas. Dolorum aliquam officiis voluptatem facere sit porro qui. Eius ea excepturi voluptate tenetur optio. Neque atque ipsam est illum aspernatur aut suscipit.','vrml','54',NULL,'1986-10-12 13:03:38','2017-11-25 00:05:24'),
('100','10','100','Ab explicabo nihil aspernatur. Autem dolorem aliquam ipsum et inventore sunt. Praesentium facere qui ut laudantium rerum officia impedit doloremque.','musicxml','1917',NULL,'1978-09-12 02:17:24','2008-09-25 01:21:47'); 


DROP TABLE IF EXISTS `likes`;
CREATE TABLE `likes` (
  `id` bigint(20) unsigned NOT NULL AUTO_INCREMENT,
  `user_id` bigint(20) unsigned NOT NULL,
  `media_id` bigint(20) unsigned NOT NULL,
  `created_at` datetime DEFAULT current_timestamp(),
  PRIMARY KEY (`id`),
  KEY `user_id` (`user_id`),
  KEY `media_id` (`media_id`),
  CONSTRAINT `likes_ibfk_1` FOREIGN KEY (`user_id`) REFERENCES `users` (`id`) ON UPDATE CASCADE,
  CONSTRAINT `likes_ibfk_2` FOREIGN KEY (`media_id`) REFERENCES `media` (`id`) ON UPDATE CASCADE
) ENGINE=InnoDB AUTO_INCREMENT=201 DEFAULT CHARSET=utf8 COLLATE=utf8_unicode_ci;

INSERT INTO `likes` VALUES ('1','1','1','1986-03-29 11:06:47'),
('2','2','2','2019-06-01 11:59:49'),
('3','3','3','1994-08-15 17:48:48'),
('4','4','4','2007-09-07 23:26:16'),
('5','5','5','1982-11-06 17:45:34'),
('6','6','6','1999-02-13 11:46:31'),
('7','7','7','2016-05-07 16:42:08'),
('8','8','8','2000-01-21 22:07:32'),
('9','9','9','1999-04-07 11:03:47'),
('10','10','10','1975-02-16 18:09:44'),
('11','11','11','1987-12-24 10:24:09'),
('12','12','12','1989-04-09 00:07:50'),
('13','13','13','1979-10-20 01:04:23'),
('14','14','14','2020-01-08 13:50:48'),
('15','15','15','1971-05-11 06:09:04'),
('16','16','16','2016-02-08 22:53:47'),
('17','17','17','1971-11-25 05:47:42'),
('18','18','18','2013-01-28 01:13:46'),
('19','19','19','1978-06-17 13:45:15'),
('20','20','20','2014-01-21 04:01:22'),
('21','21','21','2007-01-16 22:52:37'),
('22','22','22','2003-01-15 09:46:07'),
('23','23','23','1979-11-03 18:44:08'),
('24','24','24','1970-03-01 20:31:33'),
('25','25','25','1990-09-27 02:46:02'),
('26','26','26','2004-03-19 06:36:28'),
('27','27','27','1971-07-19 21:32:52'),
('28','28','28','2015-03-19 21:55:13'),
('29','29','29','2015-06-11 22:27:23'),
('30','30','30','1990-08-13 00:41:08'),
('31','31','31','1991-07-16 23:06:11'),
('32','32','32','1998-09-13 16:55:07'),
('33','33','33','2005-04-08 15:01:46'),
('34','34','34','1994-06-06 10:56:21'),
('35','35','35','2008-12-18 08:03:55'),
('36','36','36','1989-04-12 04:00:02'),
('37','37','37','1973-04-10 11:42:50'),
('38','38','38','2014-06-16 14:37:12'),
('39','39','39','1971-04-11 13:15:56'),
('40','40','40','1994-07-21 23:12:36'),
('41','41','41','1989-08-28 04:23:00'),
('42','42','42','1991-02-16 01:14:01'),
('43','43','43','1976-12-07 19:39:27'),
('44','44','44','1983-06-20 03:09:13'),
('45','45','45','1980-01-21 16:20:48'),
('46','46','46','1999-03-01 14:01:34'),
('47','47','47','1974-10-12 21:27:12'),
('48','48','48','1978-04-04 09:24:00'),
('49','49','49','1997-07-06 18:06:22'),
('50','50','50','1982-09-26 07:26:25'),
('51','51','51','2004-07-12 13:58:16'),
('52','52','52','2008-06-12 19:39:12'),
('53','53','53','1989-01-20 14:57:03'),
('54','54','54','2013-11-12 22:28:59'),
('55','55','55','1970-07-22 13:36:51'),
('56','56','56','1995-12-12 21:05:09'),
('57','57','57','2012-08-21 09:18:06'),
('58','58','58','1973-06-26 09:48:29'),
('59','59','59','1987-01-25 00:58:27'),
('60','60','60','2016-03-03 00:26:42'),
('61','61','61','2006-11-09 07:57:28'),
('62','62','62','2004-09-04 01:46:56'),
('63','63','63','2015-05-22 18:37:25'),
('64','64','64','2017-08-15 05:40:12'),
('65','65','65','1991-08-22 12:01:34'),
('66','66','66','2014-10-09 19:07:07'),
('67','67','67','2006-02-21 19:13:55'),
('68','68','68','2008-06-10 12:02:00'),
('69','69','69','1981-11-27 06:43:09'),
('70','70','70','1994-11-19 04:25:45'),
('71','71','71','1973-02-18 09:55:06'),
('72','72','72','1998-05-29 08:06:29'),
('73','73','73','2015-06-29 18:39:45'),
('74','74','74','1995-11-21 19:23:16'),
('75','75','75','2010-02-17 16:39:57'),
('76','76','76','2012-01-10 10:09:59'),
('77','77','77','2008-11-22 20:55:26'),
('78','78','78','1989-10-25 07:27:31'),
('79','79','79','1994-02-20 21:33:46'),
('80','80','80','1985-06-29 00:48:28'),
('81','81','81','2006-10-23 13:49:26'),
('82','82','82','2006-11-05 18:32:25'),
('83','83','83','2014-11-15 05:14:07'),
('84','84','84','1977-12-02 00:12:16'),
('85','85','85','1999-05-28 01:33:38'),
('86','86','86','2013-05-29 09:39:53'),
('87','87','87','1975-05-18 01:15:15'),
('88','88','88','1992-02-06 03:11:09'),
('89','89','89','2019-09-09 02:42:23'),
('90','90','90','1999-10-27 19:52:42'),
('91','91','91','1990-03-24 03:21:25'),
('92','92','92','1974-04-11 10:00:47'),
('93','93','93','2015-06-13 18:10:19'),
('94','94','94','1981-06-09 16:04:31'),
('95','95','95','2015-02-08 22:40:35'),
('96','96','96','1983-09-06 21:57:19'),
('97','97','97','2010-06-14 04:18:13'),
('98','98','98','2012-07-11 13:46:19'),
('99','99','99','1999-03-03 06:30:18'),
('100','100','100','1980-09-10 18:22:36'),
('101','1','1','2008-12-25 01:22:37'),
('102','2','2','2010-12-14 20:48:52'),
('103','3','3','1999-10-16 05:05:59'),
('104','4','4','1996-12-20 13:00:29'),
('105','5','5','1980-11-09 15:19:13'),
('106','6','6','2017-10-05 21:06:43'),
('107','7','7','2012-12-25 23:19:12'),
('108','8','8','1988-05-24 14:35:30'),
('109','9','9','2015-01-29 08:58:04'),
('110','10','10','2006-01-31 20:13:26'),
('111','11','11','2015-12-11 08:56:03'),
('112','12','12','2004-09-27 13:40:29'),
('113','13','13','2011-01-12 15:43:33'),
('114','14','14','2013-06-04 23:45:42'),
('115','15','15','1986-08-18 18:10:39'),
('116','16','16','1985-03-04 14:14:37'),
('117','17','17','2011-07-24 22:01:24'),
('118','18','18','1997-07-28 19:03:57'),
('119','19','19','2006-04-18 23:13:16'),
('120','20','20','2008-12-18 13:52:02'),
('121','21','21','1970-12-30 09:08:44'),
('122','22','22','1971-04-01 01:14:28'),
('123','23','23','1979-04-07 21:19:45'),
('124','24','24','1993-12-15 08:53:31'),
('125','25','25','2016-04-26 21:17:45'),
('126','26','26','2004-03-19 15:06:06'),
('127','27','27','1999-05-26 06:28:47'),
('128','28','28','1971-12-13 22:48:42'),
('129','29','29','1986-11-26 22:47:47'),
('130','30','30','1970-02-13 10:49:09'),
('131','31','31','2017-03-04 03:33:32'),
('132','32','32','1999-10-20 22:21:31'),
('133','33','33','2010-07-23 10:09:49'),
('134','34','34','1976-02-02 04:58:43'),
('135','35','35','1999-01-26 07:12:39'),
('136','36','36','1971-02-12 16:55:36'),
('137','37','37','1970-08-03 06:45:57'),
('138','38','38','1978-05-16 06:57:25'),
('139','39','39','1975-03-27 16:46:26'),
('140','40','40','2017-08-23 07:44:13'),
('141','41','41','1989-05-29 10:37:28'),
('142','42','42','2002-04-08 17:09:14'),
('143','43','43','1994-12-09 13:37:38'),
('144','44','44','1996-04-01 20:46:57'),
('145','45','45','1986-05-22 15:26:12'),
('146','46','46','2004-08-29 00:12:29'),
('147','47','47','2019-07-09 06:32:41'),
('148','48','48','2014-08-09 02:34:34'),
('149','49','49','1996-07-21 20:16:56'),
('150','50','50','1997-12-18 20:39:56'),
('151','51','51','1973-06-17 11:17:42'),
('152','52','52','1986-05-29 15:14:04'),
('153','53','53','1988-06-09 23:09:48'),
('154','54','54','1987-11-05 15:25:16'),
('155','55','55','2016-12-06 05:34:21'),
('156','56','56','2000-02-19 10:37:49'),
('157','57','57','1977-06-29 05:16:47'),
('158','58','58','1972-08-10 08:04:39'),
('159','59','59','2008-09-28 15:13:53'),
('160','60','60','1985-03-16 05:40:57'),
('161','61','61','2015-11-21 03:11:08'),
('162','62','62','2015-10-02 17:05:22'),
('163','63','63','1995-10-10 23:08:57'),
('164','64','64','1983-09-17 05:10:54'),
('165','65','65','1987-12-31 09:55:25'),
('166','66','66','2015-10-09 08:46:29'),
('167','67','67','1978-11-15 04:40:57'),
('168','68','68','2003-03-09 01:50:31'),
('169','69','69','1999-02-28 02:49:22'),
('170','70','70','2017-10-10 06:08:12'),
('171','71','71','2004-03-21 14:58:05'),
('172','72','72','1992-09-23 19:59:59'),
('173','73','73','2019-12-31 07:53:13'),
('174','74','74','1988-02-10 23:26:59'),
('175','75','75','1982-09-07 07:33:05'),
('176','76','76','1988-05-21 21:54:05'),
('177','77','77','1970-09-22 04:14:45'),
('178','78','78','2012-06-27 18:31:35'),
('179','79','79','1988-08-18 06:47:53'),
('180','80','80','1997-05-11 14:15:58'),
('181','81','81','2017-10-08 23:35:13'),
('182','82','82','1981-08-23 08:01:31'),
('183','83','83','1980-07-28 02:41:30'),
('184','84','84','1999-06-08 12:30:47'),
('185','85','85','2019-05-14 19:45:28'),
('186','86','86','1997-05-22 00:33:59'),
('187','87','87','1970-07-25 12:45:42'),
('188','88','88','1999-01-25 09:48:24'),
('189','89','89','2015-03-09 09:33:22'),
('190','90','90','1972-04-08 23:40:36'),
('191','91','91','2017-02-11 02:13:58'),
('192','92','92','2014-01-21 08:48:15'),
('193','93','93','1978-06-18 17:29:01'),
('194','94','94','1981-04-16 17:16:55'),
('195','95','95','2012-12-28 08:41:08'),
('196','96','96','1997-03-15 16:24:50'),
('197','97','97','1979-11-24 10:14:30'),
('198','98','98','2005-05-09 09:55:35'),
('199','99','99','2001-01-29 17:45:39'),
('200','100','100','1989-04-30 13:46:48'); 


DROP TABLE IF EXISTS `messages`;
CREATE TABLE `messages` (
  `id` bigint(20) unsigned NOT NULL AUTO_INCREMENT,
  `from_user_id` bigint(20) unsigned NOT NULL,
  `to_user_id` bigint(20) unsigned NOT NULL,
  `body` text COLLATE utf8_unicode_ci DEFAULT NULL,
  `created_at` datetime DEFAULT current_timestamp(),
  PRIMARY KEY (`id`),
  KEY `messages_from_user_id` (`from_user_id`),
  KEY `messages_to_user_id` (`to_user_id`),
  CONSTRAINT `messages_ibfk_1` FOREIGN KEY (`from_user_id`) REFERENCES `users` (`id`) ON UPDATE CASCADE,
  CONSTRAINT `messages_ibfk_2` FOREIGN KEY (`to_user_id`) REFERENCES `users` (`id`) ON UPDATE CASCADE
) ENGINE=InnoDB AUTO_INCREMENT=51 DEFAULT CHARSET=utf8 COLLATE=utf8_unicode_ci;

INSERT INTO `messages` VALUES ('1','1','1','Et laboriosam amet qui assumenda consequuntur et. Repellat tenetur dignissimos enim odio omnis. Debitis quo nobis voluptatum provident fugit in. Itaque laboriosam sed quisquam vel repellendus.','1996-05-19 04:43:51'),
('2','2','2','Iste est non quis alias. Corrupti doloribus facilis qui et aut. Fugiat et corporis modi sit deleniti.','1995-06-14 06:40:27'),
('3','3','3','Quo eos omnis non qui totam unde temporibus. Ea in est illo. Officiis animi dicta deserunt debitis incidunt doloribus maxime voluptatem. Dolore vero sequi aut.','1987-12-03 14:57:08'),
('4','4','4','Ad suscipit provident quia est illo. Non in illo provident quia in. Fuga omnis sunt quia a recusandae aut. Unde est maxime minus nesciunt.','2018-12-14 15:41:49'),
('5','5','5','Eius perferendis in itaque eligendi. Tenetur et ullam enim voluptatem dignissimos dolorem. Est vel eum occaecati quisquam nihil repudiandae in harum.','1995-03-19 07:19:43'),
('6','6','6','Rem iste eaque architecto et et. Magnam est fuga blanditiis molestiae est. Pariatur mollitia unde suscipit architecto ut et dolorem. Asperiores quas est soluta.','1983-06-02 13:56:00'),
('7','7','7','Est et eum corporis cumque. Ut nam eveniet voluptas aut eius nihil. Doloribus ab neque adipisci occaecati aut eos. Atque ex aut alias rerum.','2000-04-20 16:43:37'),
('8','8','8','Et dolore occaecati recusandae incidunt similique. Sint totam at dolores quo in consequatur. Et numquam dolorum enim rerum.','2011-12-07 00:01:50'),
('9','9','9','Fugiat in debitis et occaecati. Rerum recusandae ducimus voluptatibus odio placeat. At eaque corrupti quae soluta non. Dignissimos accusamus hic omnis.','2018-03-21 00:14:09'),
('10','10','10','Eum natus labore distinctio dolorem in. Mollitia in alias maiores. Nesciunt in laudantium et distinctio iste repellendus. Rerum veritatis repudiandae quae hic non et totam inventore.','2018-04-16 04:54:59'),
('11','11','11','Facilis temporibus ullam corporis esse minus reiciendis eum. Ut perferendis esse sint nulla. Deserunt neque voluptatum totam alias labore consequuntur.','1988-02-26 06:16:28'),
('12','12','12','Omnis est et velit quae veritatis repellendus minus. Eaque quos beatae ut voluptate eum.','2003-05-16 02:29:14'),
('13','13','13','Voluptas harum nisi deserunt. Explicabo et eius voluptatem. Voluptatibus cumque magnam asperiores iure vel perferendis ut nesciunt. Fugiat distinctio facere veniam laudantium.','2004-05-07 19:30:07'),
('14','14','14','Ratione nam quo dicta perferendis. Unde provident amet earum autem molestiae eligendi assumenda. Expedita dolores provident ipsum id veritatis quos eum. Esse fugit saepe enim dolorem.','2011-09-25 15:14:33'),
('15','15','15','Ab corrupti voluptatum ex doloribus consectetur. Iusto non ad ut voluptatem. Dolores facere et sit provident.\nEnim pariatur doloremque necessitatibus corporis. Labore sint nihil adipisci enim dicta.','2013-12-15 13:06:12'),
('16','16','16','Sit vitae quae ut repellendus. Nam soluta voluptatem laudantium tempore quis at. Culpa illo ut eos illum voluptatem architecto consequatur enim.','1973-10-05 05:42:36'),
('17','17','17','Dolor nostrum rerum incidunt aliquid. Iste nesciunt consequatur doloremque. Nemo at reprehenderit veniam hic. Sint quis ea et nisi laborum facere.','1985-11-02 04:42:16'),
('18','18','18','Commodi quasi cum aut architecto. Possimus quia commodi temporibus sit quo. Voluptatem pariatur cumque ut vel sequi.','1975-11-09 21:17:36'),
('19','19','19','Dolor earum iure in rerum voluptatem eveniet. Et id earum et omnis laboriosam qui. Quas corporis aspernatur aut hic voluptas ab voluptas occaecati.','1994-06-04 06:13:54'),
('20','20','20','Adipisci quod fuga fuga possimus quaerat. Veniam quas dolores culpa voluptatem explicabo. Itaque voluptatum quisquam facere.','2004-10-12 13:43:04'),
('21','21','21','Dolorum quis a cum quis tempore facilis quos. Sapiente voluptatem incidunt ad. Nostrum quia fuga enim exercitationem inventore sequi dolores optio.','1970-04-04 01:40:57'),
('22','22','22','Ipsam voluptatum quia architecto consequuntur iure. Rerum iusto voluptate ullam officiis. Qui ad qui nihil corporis ipsa. Fuga quae ut natus provident repellendus.','1991-06-08 11:41:54'),
('23','23','23','At nostrum quaerat et tempora nisi repellendus dicta. Consequuntur quis quas nam. Aut porro voluptas error eligendi.','2007-02-26 05:11:29'),
('24','24','24','Est repudiandae ipsum et sunt error nam blanditiis. Nobis quibusdam ipsam qui. Laudantium eius animi praesentium aut ut possimus quod dicta.','2006-08-21 18:53:22'),
('25','25','25','Quae ex esse est voluptas. Optio doloribus doloremque ex error. Aliquam laudantium voluptatem ea quo tenetur molestiae.','2012-02-25 20:37:08'),
('26','26','26','Assumenda facere sapiente et facere quos ex ad. Qui maiores consectetur facilis deleniti tempore veniam. Sed dicta repellat reprehenderit qui saepe beatae est.','1971-04-19 03:05:51'),
('27','27','27','Ipsam mollitia deserunt itaque quod molestias et et. Porro accusantium et sint illo nam velit mollitia dolore. Quisquam similique tenetur et aspernatur quam.','1970-06-17 07:55:53'),
('28','28','28','Reprehenderit tempore sunt delectus occaecati. Ut est ea ut et. Omnis et aliquam neque possimus rerum. Sint perspiciatis aliquam est aspernatur.','1983-07-07 06:35:21'),
('29','29','29','Ad deserunt alias animi iusto et inventore magnam. Rerum et corrupti itaque aut aut id ex. Possimus nostrum minus deleniti. Sed iusto consequatur quo minima provident aut dicta.','1999-02-07 23:18:26'),
('30','30','30','Fuga cum dolorum ut. Odio dolore minima qui qui. Neque temporibus dolores culpa qui rerum consequatur vitae.','2010-01-29 17:00:08'),
('31','31','31','Sit architecto corporis consequatur dicta. Voluptatem tempore qui et fugiat facere minima. Praesentium qui dolore vel est.','1981-05-22 15:54:52'),
('32','32','32','Veritatis esse consequatur totam aut. Eveniet temporibus veritatis fugiat fuga explicabo est et. Architecto dolorem voluptatem velit cupiditate dolorem. Earum unde nihil temporibus eaque.','1975-05-01 09:09:22'),
('33','33','33','Sed mollitia sint voluptatibus odio eius explicabo. Recusandae omnis veniam officiis. Occaecati tempora et necessitatibus impedit autem eos. Iusto pariatur quo qui quia exercitationem nesciunt quo.','1983-11-29 17:24:12'),
('34','34','34','Nesciunt accusantium accusamus sed similique perspiciatis est ad. Assumenda velit nesciunt magnam voluptas. Qui maiores voluptatibus mollitia praesentium repellendus illo aut.','1982-05-11 02:17:45'),
('35','35','35','Consequuntur pariatur sit nesciunt ea atque ad distinctio itaque. Omnis sed ullam est et. Dolor qui cupiditate unde quaerat ut repudiandae. Voluptates sit magni eligendi accusantium autem molestias.','2012-07-31 09:17:42'),
('36','36','36','Enim distinctio ipsa sint dolorem. Sit odio quibusdam velit et rerum molestiae magni. Et nemo et dolorem ducimus unde accusantium consectetur.','1990-10-18 23:36:06'),
('37','37','37','Consequatur blanditiis quis est libero qui. Laborum officia est aut ullam delectus illo dolorum accusamus. Enim numquam et laudantium facere.','2014-07-08 06:11:47'),
('38','38','38','Illum possimus enim a et placeat eum nisi. Rerum necessitatibus odio et dignissimos vel omnis. Aperiam ea voluptate ad sit. Debitis vero qui est exercitationem.','2014-07-28 13:22:54'),
('39','39','39','Qui sequi ullam et iusto inventore iste. Sed distinctio ut iure hic. Excepturi tempora assumenda sunt eos. Harum a ratione ut odit.','1995-05-30 15:44:37'),
('40','40','40','At facere mollitia aperiam minus aut nostrum. Voluptate aut laboriosam sint. Possimus ex ea voluptas doloribus voluptatem officia est. Autem iusto fuga architecto id porro.','1996-09-02 18:45:16'),
('41','41','41','Omnis velit animi non fugiat. Consectetur perspiciatis nemo voluptatem architecto illo officia. Sed vel fuga sit qui eos aliquam. Doloremque dolorem magni qui omnis est.','1989-04-28 00:18:47'),
('42','42','42','Autem repellendus iure ipsum repellendus minima. Odio amet sit eum aut aut ut. Dolorem ea qui voluptatum a ipsum expedita nemo.','1994-08-30 09:35:32'),
('43','43','43','Eos aliquam nobis dolor sed. Sit sit non aut tenetur minus delectus eos. Ducimus necessitatibus dolorem qui soluta eaque officiis.','2000-01-31 19:31:47'),
('44','44','44','Consequatur omnis rerum voluptatem consequatur amet quis. Dolorem est nulla quas sit et vero. Asperiores nobis ipsum dolorem et et aut quam.','2017-11-30 21:28:15'),
('45','45','45','Minima dolorem sit quae dolor. Omnis tenetur adipisci ex ut debitis rerum fuga. Ea explicabo qui unde provident. Dicta suscipit id exercitationem porro accusantium asperiores.','1977-10-09 08:51:20'),
('46','46','46','Iure officia accusantium pariatur. Qui eveniet animi doloremque in neque earum eligendi esse. Ut eveniet voluptatibus mollitia qui tenetur. Est ipsum laborum nobis vero sint magnam totam qui.','2006-04-14 14:46:28'),
('47','47','47','Qui molestias est cumque quod. Impedit provident amet enim voluptas in ducimus voluptatem. Rerum sed ab voluptatem.','2000-10-11 17:29:37'),
('48','48','48','Qui magnam officiis sit officiis maxime corrupti. Molestiae voluptatibus omnis repellat unde in. Sapiente et rerum molestiae ducimus numquam soluta tempore.','1975-05-06 19:04:16'),
('49','49','49','Veritatis sint est distinctio omnis odio suscipit. Amet aperiam et aut. Excepturi eos necessitatibus illo. Voluptas blanditiis sunt dolor et.','1991-04-07 18:09:55'),
('50','50','50','Corrupti eos dolorum mollitia dolor. Tenetur vel culpa corporis tempora omnis. Sint nulla adipisci omnis voluptas et. Eum laudantium et iste harum.','1994-05-07 22:16:38'); 


DROP TABLE IF EXISTS `photo_albums`;
CREATE TABLE `photo_albums` (
  `id` bigint(20) unsigned NOT NULL AUTO_INCREMENT,
  `name` varchar(255) COLLATE utf8_unicode_ci DEFAULT NULL,
  `user_id` bigint(20) unsigned DEFAULT NULL,
  PRIMARY KEY (`id`),
  KEY `user_id` (`user_id`),
  CONSTRAINT `photo_albums_ibfk_1` FOREIGN KEY (`user_id`) REFERENCES `users` (`id`) ON UPDATE CASCADE
) ENGINE=InnoDB AUTO_INCREMENT=21 DEFAULT CHARSET=utf8 COLLATE=utf8_unicode_ci;

INSERT INTO `photo_albums` VALUES ('1','soluta','1'),
('2','omnis','2'),
('3','quia','3'),
('4','ipsam','4'),
('5','sed','5'),
('6','non','6'),
('7','minima','7'),
('8','qui','8'),
('9','magnam','9'),
('10','ea','10'),
('11','praesentium','11'),
('12','officiis','12'),
('13','architecto','13'),
('14','sed','14'),
('15','voluptatem','15'),
('16','aliquid','16'),
('17','dolore','17'),
('18','consequuntur','18'),
('19','voluptates','19'),
('20','libero','20'); 


DROP TABLE IF EXISTS `photos`;
CREATE TABLE `photos` (
  `id` bigint(20) unsigned NOT NULL AUTO_INCREMENT,
  `album_id` bigint(20) unsigned NOT NULL,
  `media_id` bigint(20) unsigned NOT NULL,
  PRIMARY KEY (`id`),
  KEY `album_id` (`album_id`),
  KEY `media_id` (`media_id`),
  CONSTRAINT `photos_ibfk_1` FOREIGN KEY (`album_id`) REFERENCES `photo_albums` (`id`) ON UPDATE CASCADE,
  CONSTRAINT `photos_ibfk_2` FOREIGN KEY (`media_id`) REFERENCES `media` (`id`) ON UPDATE CASCADE
) ENGINE=InnoDB AUTO_INCREMENT=101 DEFAULT CHARSET=utf8 COLLATE=utf8_unicode_ci;

INSERT INTO `photos` VALUES ('1','1','1'),
('2','2','2'),
('3','3','3'),
('4','4','4'),
('5','5','5'),
('6','6','6'),
('7','7','7'),
('8','8','8'),
('9','9','9'),
('10','10','10'),
('11','11','11'),
('12','12','12'),
('13','13','13'),
('14','14','14'),
('15','15','15'),
('16','16','16'),
('17','17','17'),
('18','18','18'),
('19','19','19'),
('20','20','20'),
('21','1','21'),
('22','2','22'),
('23','3','23'),
('24','4','24'),
('25','5','25'),
('26','6','26'),
('27','7','27'),
('28','8','28'),
('29','9','29'),
('30','10','30'),
('31','11','31'),
('32','12','32'),
('33','13','33'),
('34','14','34'),
('35','15','35'),
('36','16','36'),
('37','17','37'),
('38','18','38'),
('39','19','39'),
('40','20','40'),
('41','1','41'),
('42','2','42'),
('43','3','43'),
('44','4','44'),
('45','5','45'),
('46','6','46'),
('47','7','47'),
('48','8','48'),
('49','9','49'),
('50','10','50'),
('51','11','51'),
('52','12','52'),
('53','13','53'),
('54','14','54'),
('55','15','55'),
('56','16','56'),
('57','17','57'),
('58','18','58'),
('59','19','59'),
('60','20','60'),
('61','1','61'),
('62','2','62'),
('63','3','63'),
('64','4','64'),
('65','5','65'),
('66','6','66'),
('67','7','67'),
('68','8','68'),
('69','9','69'),
('70','10','70'),
('71','11','71'),
('72','12','72'),
('73','13','73'),
('74','14','74'),
('75','15','75'),
('76','16','76'),
('77','17','77'),
('78','18','78'),
('79','19','79'),
('80','20','80'),
('81','1','81'),
('82','2','82'),
('83','3','83'),
('84','4','84'),
('85','5','85'),
('86','6','86'),
('87','7','87'),
('88','8','88'),
('89','9','89'),
('90','10','90'),
('91','11','91'),
('92','12','92'),
('93','13','93'),
('94','14','94'),
('95','15','95'),
('96','16','96'),
('97','17','97'),
('98','18','98'),
('99','19','99'),
('100','20','100'); 

DROP TABLE IF EXISTS `posts`;
CREATE TABLE `posts` (
  `id` bigint(20) unsigned NOT NULL AUTO_INCREMENT,
  `community_id` bigint(20) unsigned DEFAULT NULL,
  `created_at` datetime DEFAULT current_timestamp(),
  `updated_at` datetime DEFAULT current_timestamp() ON UPDATE current_timestamp(),
  PRIMARY KEY (`id`),
  KEY `posts_idx_community_id` (`community_id`),
  CONSTRAINT `posts_ibfk_1` FOREIGN KEY (`community_id`) REFERENCES `communities` (`id`) ON UPDATE CASCADE
) ENGINE=InnoDB AUTO_INCREMENT=201 DEFAULT CHARSET=utf8 COLLATE=utf8_unicode_ci;

INSERT INTO `posts` VALUES ('1','1','1994-04-26 13:20:39','1973-11-08 13:52:19'),
('2','2','2017-05-06 15:34:33','1997-08-31 10:57:19'),
('3','3','1975-06-29 01:36:06','1989-04-28 01:13:38'),
('4','4','1988-03-10 17:24:59','1973-04-03 16:34:45'),
('5','5','1998-04-16 21:05:54','2011-04-16 14:23:46'),
('6','6','2005-07-08 12:40:39','1999-11-20 20:28:26'),
('7','7','1988-12-19 16:26:50','1978-06-01 01:21:03'),
('8','8','1998-03-07 15:43:41','2015-11-07 02:00:03'),
('9','9','2010-08-29 06:19:09','2010-05-24 00:25:49'),
('10','10','2007-11-28 10:39:31','1977-08-19 05:49:22'),
('11','11','1992-01-15 05:37:18','1979-01-01 14:58:48'),
('12','12','1971-01-29 15:19:34','1997-11-28 17:17:16'),
('13','13','2007-03-30 10:06:23','1981-04-26 01:41:49'),
('14','14','1975-06-10 04:56:17','1994-07-18 19:05:43'),
('15','15','1979-03-22 23:25:00','1988-10-21 00:08:42'),
('16','16','2006-02-05 05:17:22','2017-10-27 07:29:32'),
('17','17','1974-12-13 08:18:56','1990-03-14 08:36:11'),
('18','18','1990-07-15 21:38:51','1981-01-01 03:12:24'),
('19','19','1997-10-02 08:38:44','1995-06-09 12:24:19'),
('20','20','2014-11-28 01:56:09','2019-01-11 18:09:27'),
('21','21','2000-10-15 20:10:05','2009-06-25 12:15:06'),
('22','22','1998-10-27 14:11:59','1972-11-07 19:42:26'),
('23','23','1977-03-25 15:48:27','1985-11-08 11:00:45'),
('24','24','1978-01-26 01:52:28','1991-07-03 10:26:14'),
('25','25','1987-02-18 23:55:46','1994-10-31 10:02:13'),
('26','26','1994-03-08 18:58:56','2010-02-13 15:33:03'),
('27','27','2003-02-15 16:23:42','2000-07-03 21:36:13'),
('28','28','2019-10-23 11:39:15','1976-06-09 04:45:36'),
('29','29','1983-06-11 03:48:17','2018-06-23 03:51:58'),
('30','30','1984-05-02 21:58:53','2018-02-10 08:08:58'),
('31','31','1976-10-14 16:50:40','1990-01-30 03:34:50'),
('32','32','1995-08-10 13:58:38','2019-03-30 09:06:19'),
('33','33','1986-04-11 12:18:29','1971-07-03 00:48:44'),
('34','34','1976-01-08 01:54:22','1970-08-11 10:20:54'),
('35','35','1985-10-17 14:00:33','2003-06-08 05:03:59'),
('36','36','2012-01-14 21:19:27','1978-11-29 23:55:26'),
('37','37','1981-06-13 21:12:08','1996-10-20 16:47:31'),
('38','38','2006-05-22 05:23:58','2018-12-18 00:03:12'),
('39','39','1990-01-27 10:52:51','1970-10-09 18:16:01'),
('40','40','1980-04-16 19:24:03','2001-12-17 11:53:24'),
('41','41','2002-09-17 04:18:49','1984-10-29 21:30:53'),
('42','42','1975-02-17 17:30:01','1990-12-04 03:41:21'),
('43','43','1975-09-01 15:13:52','1992-08-31 12:56:06'),
('44','44','1972-11-06 05:54:08','2010-05-22 17:40:39'),
('45','45','1977-03-18 07:52:10','2007-03-18 19:29:48'),
('46','46','1990-01-22 02:56:20','1995-02-08 09:18:11'),
('47','47','1993-02-08 22:35:09','1993-12-28 19:15:51'),
('48','48','2003-01-27 04:41:34','2003-09-20 23:24:24'),
('49','49','2007-06-25 04:51:40','1991-08-22 04:06:14'),
('50','50','2003-10-15 13:28:20','2001-09-30 23:17:23'),
('51','51','2011-02-05 19:29:24','1979-07-30 18:36:31'),
('52','52','1993-11-07 16:34:22','1976-03-18 14:15:46'),
('53','53','1998-12-10 02:47:20','2001-03-14 11:36:38'),
('54','54','2001-11-10 07:42:06','2011-05-23 01:29:33'),
('55','55','1983-03-12 18:42:39','1978-05-09 14:45:49'),
('56','56','1987-03-18 22:00:58','2002-09-20 05:58:15'),
('57','57','1973-05-29 13:44:58','2017-08-13 18:21:53'),
('58','58','2012-07-15 04:23:26','2000-06-12 23:10:13'),
('59','59','1976-11-28 05:52:13','1988-10-28 17:27:43'),
('60','60','1989-12-17 19:25:32','1992-08-18 17:21:50'),
('61','61','2015-03-12 10:01:16','1984-09-24 09:19:34'),
('62','62','1991-03-16 12:34:42','1974-05-17 01:50:55'),
('63','63','1995-12-20 05:38:18','1970-12-22 13:20:39'),
('64','64','1980-12-12 00:13:19','2008-01-14 05:21:24'),
('65','65','2009-04-15 20:15:52','2014-12-02 23:11:58'),
('66','66','1987-04-03 15:46:53','1985-08-24 12:01:50'),
('67','67','1985-10-28 07:30:35','1990-06-09 06:55:42'),
('68','68','2017-06-29 15:12:32','1993-04-02 22:39:55'),
('69','69','2018-03-06 17:41:06','1993-08-29 10:18:13'),
('70','70','2018-01-08 13:11:46','1985-07-03 01:19:30'),
('71','71','2010-05-18 14:27:40','2005-09-17 22:32:43'),
('72','72','2010-08-30 01:40:26','1982-03-16 06:45:45'),
('73','73','1971-01-11 21:25:34','2004-11-19 04:36:04'),
('74','74','1971-05-18 23:38:47','2007-12-30 19:33:32'),
('75','75','1989-07-26 04:34:31','2014-10-07 01:04:27'),
('76','76','1978-12-01 13:56:37','1997-01-22 21:54:14'),
('77','77','1971-07-08 12:32:24','1997-12-05 21:55:20'),
('78','78','1991-11-19 06:26:49','1997-02-26 01:15:44'),
('79','79','2005-06-28 20:19:26','1987-09-13 02:45:31'),
('80','80','2009-05-04 04:41:54','2013-04-09 23:37:16'),
('81','81','2013-08-23 10:16:10','2010-05-02 17:55:52'),
('82','82','1986-11-07 18:40:34','1995-12-23 22:16:05'),
('83','83','1999-12-03 15:19:51','1978-06-07 05:16:36'),
('84','84','1974-03-01 07:45:25','1975-02-19 09:07:53'),
('85','85','1993-12-02 07:15:43','2015-03-26 07:49:30'),
('86','86','2011-08-18 19:47:26','2000-02-26 06:42:27'),
('87','87','2005-11-19 21:02:23','1978-05-24 04:09:38'),
('88','88','1973-12-01 04:43:53','1991-12-03 07:14:48'),
('89','89','1976-01-03 08:13:43','1976-09-12 19:46:46'),
('90','90','1988-12-02 08:52:46','1991-10-22 21:21:28'),
('91','91','2001-09-30 01:14:49','1985-09-15 11:49:24'),
('92','92','1970-04-03 06:54:27','1975-01-04 08:13:36'),
('93','93','2011-06-07 19:49:44','2016-09-26 02:29:19'),
('94','94','1981-11-03 23:22:09','1979-07-29 22:03:25'),
('95','95','1975-07-14 16:21:10','1974-12-16 13:35:09'),
('96','96','2016-07-25 00:45:47','1999-10-16 02:25:40'),
('97','97','1997-06-18 06:53:52','1988-05-26 22:28:11'),
('98','98','1985-01-19 09:15:45','1972-10-27 16:42:41'),
('99','99','2019-08-06 14:24:45','2013-02-25 09:31:38'),
('100','100','1990-12-15 17:25:22','1981-11-02 06:53:08'),
('101','1','1995-06-11 18:31:46','1997-05-25 22:23:44'),
('102','2','1971-03-05 01:26:51','2015-02-12 01:20:09'),
('103','3','1994-12-14 08:08:32','2012-09-20 18:17:04'),
('104','4','1978-07-12 09:19:43','1985-03-27 13:51:46'),
('105','5','1977-05-29 16:48:56','1992-10-19 21:14:04'),
('106','6','2017-11-23 21:39:31','1995-11-30 19:04:06'),
('107','7','2002-09-16 15:35:05','1995-09-06 22:34:36'),
('108','8','1974-12-14 00:33:28','1995-04-06 12:17:14'),
('109','9','1987-11-14 08:42:29','1995-08-17 05:10:04'),
('110','10','1979-10-05 03:31:18','2012-12-03 08:51:34'),
('111','11','1999-02-03 01:29:57','1995-03-30 20:19:02'),
('112','12','2019-03-05 12:53:56','1974-04-04 16:30:01'),
('113','13','1983-06-08 10:24:49','2001-04-20 19:38:16'),
('114','14','2006-04-11 11:08:54','1986-06-22 18:17:35'),
('115','15','2019-09-03 01:11:54','1995-04-07 08:26:44'),
('116','16','1972-12-19 09:17:07','2016-12-28 14:31:45'),
('117','17','1982-02-06 13:06:27','1977-08-08 08:55:07'),
('118','18','2003-03-18 07:48:36','1985-04-15 13:02:37'),
('119','19','1993-11-17 09:40:31','1999-12-17 17:45:26'),
('120','20','2001-07-03 10:47:09','2005-03-06 17:02:31'),
('121','21','1977-02-03 23:35:56','2006-10-31 05:53:39'),
('122','22','2012-10-12 01:05:42','2010-04-14 11:40:37'),
('123','23','2017-08-11 02:32:24','1985-06-14 22:02:37'),
('124','24','1997-02-21 09:53:17','1996-04-09 01:42:38'),
('125','25','1992-05-18 20:58:31','1984-10-22 23:35:53'),
('126','26','1978-09-01 20:16:49','2006-03-17 20:31:06'),
('127','27','2006-08-30 20:52:35','1989-11-08 12:59:58'),
('128','28','1971-07-17 04:14:02','2013-04-09 12:35:25'),
('129','29','2010-05-09 21:10:35','2009-04-20 06:32:06'),
('130','30','1998-06-14 20:24:42','1987-11-16 14:29:24'),
('131','31','2004-05-14 01:26:01','1984-06-19 03:17:50'),
('132','32','1998-09-28 21:46:43','1999-02-11 07:57:24'),
('133','33','2006-04-02 08:26:42','1992-07-18 02:48:29'),
('134','34','2003-06-08 03:37:14','1992-01-26 06:11:30'),
('135','35','1978-08-02 18:17:50','2011-01-16 02:15:08'),
('136','36','2015-09-04 14:42:42','1990-05-27 14:48:41'),
('137','37','2000-10-20 01:15:27','1986-06-03 22:16:40'),
('138','38','1972-01-24 09:13:50','2000-07-18 06:45:31'),
('139','39','1979-11-14 21:04:36','1974-11-05 17:35:45'),
('140','40','1977-05-13 02:19:33','1980-09-13 20:55:52'),
('141','41','1994-07-18 22:05:29','2002-08-02 04:16:14'),
('142','42','1972-03-24 11:40:43','2016-06-07 01:51:31'),
('143','43','2011-04-15 12:28:38','1971-11-27 22:08:56'),
('144','44','1981-06-12 23:57:35','2013-08-02 01:06:16'),
('145','45','1972-11-20 18:20:23','1972-03-15 10:26:55'),
('146','46','2014-06-20 00:04:27','1978-05-23 19:48:41'),
('147','47','2011-09-30 08:25:57','1991-07-29 19:36:16'),
('148','48','2012-07-14 16:54:58','1971-04-26 03:29:19'),
('149','49','2008-12-20 17:23:25','1972-07-19 21:50:51'),
('150','50','1983-11-26 11:32:49','2006-08-22 14:49:08'),
('151','51','1974-12-19 20:12:52','2000-02-27 15:08:58'),
('152','52','2017-03-30 19:05:47','1972-09-11 07:59:32'),
('153','53','2004-01-15 19:17:19','1974-07-01 13:04:48'),
('154','54','2011-02-06 16:12:24','1992-08-02 15:32:40'),
('155','55','1988-09-11 21:20:59','2016-12-18 08:57:59'),
('156','56','2004-03-07 21:50:28','2015-06-20 05:27:21'),
('157','57','2012-03-19 21:14:25','2009-05-12 13:42:53'),
('158','58','1987-06-07 09:56:23','1996-04-22 11:27:06'),
('159','59','1991-03-07 01:45:44','1982-10-31 06:48:15'),
('160','60','2003-12-27 06:42:39','2008-11-30 09:49:28'),
('161','61','1974-08-08 12:31:33','2011-03-31 19:09:45'),
('162','62','2002-09-04 09:52:20','2001-05-18 06:03:10'),
('163','63','2014-07-08 00:17:50','2016-09-06 02:01:21'),
('164','64','2010-03-23 13:19:35','1975-09-07 06:36:16'),
('165','65','1986-10-18 21:52:31','1993-01-06 22:53:33'),
('166','66','1973-10-28 18:10:35','2011-03-03 03:01:02'),
('167','67','1988-10-02 02:56:49','2018-05-07 11:30:13'),
('168','68','2005-03-06 02:13:46','2012-04-01 07:49:52'),
('169','69','1970-09-08 08:05:13','2017-11-27 14:13:21'),
('170','70','1988-09-20 10:11:49','2011-08-04 22:47:49'),
('171','71','1987-09-20 09:19:15','1992-10-24 19:37:05'),
('172','72','1999-10-07 10:35:01','1980-08-09 05:41:10'),
('173','73','1985-06-25 17:58:51','1979-01-15 20:06:18'),
('174','74','2007-10-18 21:59:42','2008-02-21 03:23:53'),
('175','75','2009-05-15 00:23:20','1991-12-10 15:36:21'),
('176','76','1979-08-19 08:42:18','2004-05-23 18:17:26'),
('177','77','2000-11-06 06:27:27','2015-06-05 16:35:38'),
('178','78','2008-06-18 13:52:07','2008-08-25 04:15:06'),
('179','79','2010-12-27 08:27:07','1982-06-24 21:21:53'),
('180','80','2007-07-25 00:29:09','2017-12-14 23:47:00'),
('181','81','2017-05-17 15:03:30','1981-05-01 02:58:54'),
('182','82','1974-05-14 13:24:07','1978-02-09 22:43:19'),
('183','83','1995-05-02 04:58:06','1987-11-24 00:59:10'),
('184','84','1970-06-19 07:47:12','1974-11-09 15:34:37'),
('185','85','2003-11-11 23:14:16','2000-03-27 11:08:57'),
('186','86','2006-03-11 23:18:24','2014-08-22 15:28:43'),
('187','87','1987-05-13 16:28:24','2012-06-02 23:47:25'),
('188','88','2000-06-12 14:24:13','2004-06-05 10:40:01'),
('189','89','1999-03-15 07:06:24','1970-01-26 18:51:05'),
('190','90','1999-02-12 16:24:10','1997-09-05 15:04:28'),
('191','91','1984-02-19 21:55:03','1983-07-21 00:20:22'),
('192','92','1987-06-26 21:52:33','1978-02-10 16:53:20'),
('193','93','2017-11-13 06:58:10','1984-03-20 21:38:18'),
('194','94','2018-12-11 22:27:01','1973-07-05 17:53:21'),
('195','95','2002-07-22 18:56:28','2002-11-04 15:53:26'),
('196','96','1992-12-04 20:11:44','1989-02-02 21:46:50'),
('197','97','1979-08-15 01:45:42','2006-08-23 21:37:58'),
('198','98','2018-07-23 19:56:43','1971-05-17 07:48:28'),
('199','99','1987-08-23 03:30:59','1989-03-10 18:41:32'),
('200','100','2020-02-05 23:04:23','1997-10-02 05:26:43'); 



DROP TABLE IF EXISTS `post_media`;
CREATE TABLE `post_media` (
  `post_id` bigint(20) unsigned NOT NULL,
  `media_id` bigint(20) unsigned NOT NULL,
  PRIMARY KEY (`post_id`,`media_id`),
  KEY `media_id` (`media_id`),
  CONSTRAINT `post_media_ibfk_1` FOREIGN KEY (`post_id`) REFERENCES `posts` (`id`) ON UPDATE CASCADE,
  CONSTRAINT `post_media_ibfk_2` FOREIGN KEY (`media_id`) REFERENCES `media` (`id`) ON UPDATE CASCADE
) ENGINE=InnoDB DEFAULT CHARSET=utf8 COLLATE=utf8_unicode_ci;

INSERT INTO `post_media` VALUES ('1','1'),
('2','2'),
('3','3'),
('4','4'),
('5','5'),
('6','6'),
('7','7'),
('8','8'),
('9','9'),
('10','10'),
('11','11'),
('12','12'),
('13','13'),
('14','14'),
('15','15'),
('16','16'),
('17','17'),
('18','18'),
('19','19'),
('20','20'),
('21','21'),
('22','22'),
('23','23'),
('24','24'),
('25','25'),
('26','26'),
('27','27'),
('28','28'),
('29','29'),
('30','30'),
('31','31'),
('32','32'),
('33','33'),
('34','34'),
('35','35'),
('36','36'),
('37','37'),
('38','38'),
('39','39'),
('40','40'),
('41','41'),
('42','42'),
('43','43'),
('44','44'),
('45','45'),
('46','46'),
('47','47'),
('48','48'),
('49','49'),
('50','50'),
('51','51'),
('52','52'),
('53','53'),
('54','54'),
('55','55'),
('56','56'),
('57','57'),
('58','58'),
('59','59'),
('60','60'),
('61','61'),
('62','62'),
('63','63'),
('64','64'),
('65','65'),
('66','66'),
('67','67'),
('68','68'),
('69','69'),
('70','70'),
('71','71'),
('72','72'),
('73','73'),
('74','74'),
('75','75'),
('76','76'),
('77','77'),
('78','78'),
('79','79'),
('80','80'),
('81','81'),
('82','82'),
('83','83'),
('84','84'),
('85','85'),
('86','86'),
('87','87'),
('88','88'),
('89','89'),
('90','90'),
('91','91'),
('92','92'),
('93','93'),
('94','94'),
('95','95'),
('96','96'),
('97','97'),
('98','98'),
('99','99'),
('100','100'),
('101','1'),
('102','2'),
('103','3'),
('104','4'),
('105','5'),
('106','6'),
('107','7'),
('108','8'),
('109','9'),
('110','10'),
('111','11'),
('112','12'),
('113','13'),
('114','14'),
('115','15'),
('116','16'),
('117','17'),
('118','18'),
('119','19'),
('120','20'),
('121','21'),
('122','22'),
('123','23'),
('124','24'),
('125','25'),
('126','26'),
('127','27'),
('128','28'),
('129','29'),
('130','30'),
('131','31'),
('132','32'),
('133','33'),
('134','34'),
('135','35'),
('136','36'),
('137','37'),
('138','38'),
('139','39'),
('140','40'),
('141','41'),
('142','42'),
('143','43'),
('144','44'),
('145','45'),
('146','46'),
('147','47'),
('148','48'),
('149','49'),
('150','50'),
('151','51'),
('152','52'),
('153','53'),
('154','54'),
('155','55'),
('156','56'),
('157','57'),
('158','58'),
('159','59'),
('160','60'),
('161','61'),
('162','62'),
('163','63'),
('164','64'),
('165','65'),
('166','66'),
('167','67'),
('168','68'),
('169','69'),
('170','70'),
('171','71'),
('172','72'),
('173','73'),
('174','74'),
('175','75'),
('176','76'),
('177','77'),
('178','78'),
('179','79'),
('180','80'),
('181','81'),
('182','82'),
('183','83'),
('184','84'),
('185','85'),
('186','86'),
('187','87'),
('188','88'),
('189','89'),
('190','90'),
('191','91'),
('192','92'),
('193','93'),
('194','94'),
('195','95'),
('196','96'),
('197','97'),
('198','98'),
('199','99'),
('200','100'); 


DROP TABLE IF EXISTS `profiles`;
CREATE TABLE `profiles` (
  `user_id` bigint(20) unsigned NOT NULL AUTO_INCREMENT,
  `gender` char(1) COLLATE utf8_unicode_ci NOT NULL,
  `birthday` date DEFAULT NULL,
  `photo_id` bigint(20) unsigned DEFAULT NULL,
  `created_at` datetime DEFAULT current_timestamp(),
  `hometown` varchar(100) COLLATE utf8_unicode_ci DEFAULT NULL,
  PRIMARY KEY (`user_id`),
  KEY `photo_id` (`photo_id`),
  CONSTRAINT `profiles_ibfk_1` FOREIGN KEY (`user_id`) REFERENCES `users` (`id`) ON UPDATE CASCADE,
  CONSTRAINT `profiles_ibfk_2` FOREIGN KEY (`photo_id`) REFERENCES `photos` (`id`) ON DELETE CASCADE ON UPDATE CASCADE
) ENGINE=InnoDB AUTO_INCREMENT=101 DEFAULT CHARSET=utf8 COLLATE=utf8_unicode_ci;

INSERT INTO `profiles` VALUES ('1','','2017-03-05','1','1986-04-18 21:09:38','New Jewell'),
('2','','1977-08-07','2','1997-09-05 00:37:07','Rosenbaumville'),
('3','','1994-01-11','3','2005-03-04 07:11:33','Millermouth'),
('4','','1987-04-28','4','1975-10-01 09:34:30','New Herbertview'),
('5','','1985-03-30','5','1999-03-26 10:12:35','Lake Elsaborough'),
('6','','1983-05-11','6','1988-11-24 21:40:09','Jaspertown'),
('7','','2000-10-15','7','1989-06-09 15:41:02','East Jaceshire'),
('8','','1997-03-17','8','1977-07-09 10:14:16','Candidotown'),
('9','','1998-07-19','9','1999-07-19 14:51:27','Kennedihaven'),
('10','','1980-10-24','10','1979-05-07 18:22:48','New Dallin'),
('11','','1997-03-04','11','2013-12-14 13:03:06','Gregview'),
('12','','2019-04-14','12','2004-10-30 13:43:04','Turcottemouth'),
('13','','1996-05-31','13','2018-08-09 10:42:03','Medhursttown'),
('14','','1974-05-08','14','1996-05-06 07:32:42','Francescahaven'),
('15','','2019-07-25','15','1978-12-30 15:15:00','Powlowskifurt'),
('16','','1971-09-24','16','2006-06-29 05:14:30','South Dayana'),
('17','','1997-11-12','17','2007-04-14 17:28:52','Lake Jessyton'),
('18','','1977-09-03','18','2004-10-11 01:42:06','East Hettiefort'),
('19','','2015-08-21','19','2009-12-08 08:05:39','Lake Kylie'),
('20','','1972-07-12','20','2009-11-15 17:29:29','Lake Oleta'),
('21','','1985-04-01','21','2011-04-09 00:24:29','Turnerbury'),
('22','','1996-10-21','22','1975-09-14 18:06:15','New Troy'),
('23','','2006-07-31','23','1975-06-27 21:03:50','South Zechariah'),
('24','','1990-08-19','24','1972-05-13 15:01:49','Bashiriantown'),
('25','','2015-08-12','25','2019-10-04 12:21:11','Rueckertown'),
('26','','2016-08-06','26','2004-05-30 08:06:05','North Jerad'),
('27','','1986-03-26','27','1996-03-17 22:02:53','Elseton'),
('28','','1988-05-04','28','1998-10-25 01:07:41','South Carey'),
('29','','2007-04-04','29','1988-03-12 12:44:06','South Cristinahaven'),
('30','','2017-07-04','30','2000-07-23 23:53:25','Koreyville'),
('31','','1978-12-17','31','2008-07-26 03:34:43','South Mathewshire'),
('32','','2009-04-08','32','1996-08-02 18:47:00','Vestaville'),
('33','','1986-05-29','33','1997-10-01 00:50:56','South Martinaview'),
('34','','1971-03-12','34','2004-06-17 11:51:59','Minervabury'),
('35','','2016-01-18','35','1996-08-24 01:24:04','New Sheilahaven'),
('36','','2005-07-26','36','2002-01-16 09:32:57','Port Vincentland'),
('37','','1981-06-09','37','1989-01-21 03:13:12','Waelchiton'),
('38','','1988-11-19','38','2018-03-03 12:25:46','Wileyburgh'),
('39','','1975-11-02','39','2012-03-25 20:05:58','Elwynhaven'),
('40','','1993-02-10','40','1988-07-16 06:53:32','West Princess'),
('41','','2008-02-08','41','1992-09-18 18:26:23','Baumbachstad'),
('42','','1996-11-16','42','1988-10-04 14:39:21','West Nolan'),
('43','','2014-05-25','43','1998-11-29 04:30:08','South Owen'),
('44','','1976-05-10','44','1984-01-08 16:56:42','New Flavieshire'),
('45','','2007-03-05','45','2016-02-17 19:15:08','D\'angeloberg'),
('46','','1994-10-17','46','1971-04-07 09:06:49','North Charlesmouth'),
('47','','1973-11-07','47','1977-01-28 08:10:31','East Ozellaport'),
('48','','1990-07-20','48','1981-05-02 02:05:59','Dovieview'),
('49','','2006-09-03','49','2011-09-16 02:51:12','Jastton'),
('50','','2011-12-24','50','1982-01-04 00:27:57','Port Theron'),
('51','','1985-04-03','51','1983-09-17 05:42:33','South Sibyl'),
('52','','2006-02-22','52','1988-04-11 04:51:20','East Carolina'),
('53','','2018-05-02','53','1980-01-04 22:14:46','Ashleeshire'),
('54','','2013-06-04','54','1981-01-23 03:44:19','North Claudine'),
('55','','2019-06-09','55','1970-03-13 08:28:47','North Melyssatown'),
('56','','1996-03-16','56','1999-12-10 16:19:48','Emmerichstad'),
('57','','1979-12-15','57','1977-07-05 19:51:44','Russelbury'),
('58','','2016-01-29','58','1991-08-31 14:09:47','Kenyattaside'),
('59','','1980-10-17','59','2009-09-13 02:30:50','Kubchester'),
('60','','1978-09-16','60','2004-05-18 04:28:45','South Bernhard'),
('61','','2014-12-25','61','2004-06-26 20:30:19','Sethchester'),
('62','','1997-10-27','62','1981-01-27 08:37:14','New Allan'),
('63','','1979-10-19','63','1990-05-13 01:19:41','West Ricky'),
('64','','2009-12-02','64','1983-05-01 03:59:21','West Gina'),
('65','','2000-03-05','65','2017-05-10 17:20:34','East Jackson'),
('66','','1971-03-29','66','1997-12-20 23:22:59','Kayatown'),
('67','','2020-01-12','67','1980-04-30 10:11:51','North Abelardo'),
('68','','1970-10-10','68','2003-05-27 13:15:18','Charleyton'),
('69','','1986-01-10','69','2011-10-10 07:41:17','North Shana'),
('70','','1996-03-11','70','1986-05-05 15:23:54','Wildermanville'),
('71','','1998-01-23','71','1971-05-21 02:07:31','West Diego'),
('72','','1979-10-30','72','1986-06-29 19:11:57','Nayeliton'),
('73','','1979-03-03','73','1973-07-06 23:00:22','Whitebury'),
('74','','2015-04-04','74','1981-01-29 21:54:26','North Carletonstad'),
('75','','1987-10-18','75','1976-06-21 17:32:32','Davisville'),
('76','','1987-09-02','76','2002-04-09 03:27:47','New Andrew'),
('77','','1998-01-14','77','2009-06-27 13:12:51','North Kaleigh'),
('78','','2014-11-18','78','1992-07-18 23:25:43','East Trudie'),
('79','','2011-02-25','79','1991-05-14 02:50:49','Douglasmouth'),
('80','','1982-08-26','80','1973-12-18 22:20:29','Imeldamouth'),
('81','','2003-02-19','81','1989-09-16 20:30:25','Dennismouth'),
('82','','2003-05-26','82','1999-04-16 05:39:55','Port Estefania'),
('83','','1973-05-25','83','1974-01-25 07:38:20','West Khalidshire'),
('84','','1975-06-28','84','1980-06-10 15:05:45','Sauerland'),
('85','','1984-10-05','85','2005-10-28 13:21:57','Yundtfurt'),
('86','','1981-04-11','86','1995-08-24 06:07:05','Lindhaven'),
('87','','2010-10-29','87','1992-03-24 08:27:52','Sedrickstad'),
('88','','1987-03-15','88','2002-09-22 12:02:43','Lake Armandofurt'),
('89','','1978-06-09','89','2008-07-27 10:09:07','East Nelle'),
('90','','1981-09-25','90','1991-05-23 11:32:39','Watsonshire'),
('91','','2012-06-03','91','1980-11-01 17:10:47','North Mittieport'),
('92','','2008-12-21','92','1971-04-12 11:29:20','New Damianberg'),
('93','','1985-10-31','93','1989-10-16 07:15:15','New Victoriafurt'),
('94','','1991-05-14','94','2019-01-30 03:34:56','Gaylordstad'),
('95','','1972-06-26','95','2019-09-28 01:04:55','Dorotheaton'),
('96','','2013-08-05','96','2011-04-03 10:02:05','East Jaysonport'),
('97','','1982-09-28','97','1981-11-06 07:04:11','Treutelhaven'),
('98','','1975-06-10','98','2005-09-25 17:39:18','Clemensmouth'),
('99','','1999-04-14','99','2000-08-08 16:12:59','Connfurt'),
('100','','1993-05-21','100','2017-05-12 07:42:27','Francismouth'); 




DROP TABLE IF EXISTS `сomments`;
CREATE TABLE `сomments` (
  `id` bigint(20) unsigned NOT NULL AUTO_INCREMENT,
  `user_id` bigint(20) unsigned NOT NULL,
  `post_id` bigint(20) unsigned NOT NULL,
  `body` text COLLATE utf8_unicode_ci DEFAULT NULL,
  `created_at` datetime DEFAULT current_timestamp(),
  `updated_at` datetime DEFAULT current_timestamp() ON UPDATE current_timestamp(),
  PRIMARY KEY (`id`),
  KEY `сomments_idx_user_id` (`user_id`),
  KEY `сomments_idx_post_id` (`post_id`),
  CONSTRAINT `сomments_ibfk_1` FOREIGN KEY (`user_id`) REFERENCES `users` (`id`) ON UPDATE CASCADE,
  CONSTRAINT `сomments_ibfk_2` FOREIGN KEY (`post_id`) REFERENCES `posts` (`id`) ON UPDATE CASCADE
) ENGINE=InnoDB DEFAULT CHARSET=utf8 COLLATE=utf8_unicode_ci;


INSERT INTO `сomments` VALUES ('1','1','1','Ullam laboriosam rem consequuntur ad laboriosam autem neque. Ut accusamus et tempore vel aut. Consequuntur voluptatem quae delectus amet ea illum officia.','2015-03-31 16:05:13','2012-05-14 11:22:32'),
('2','2','2','Vitae iusto similique dolorem earum vero dolorum molestiae fugiat. Quis sit eveniet vel. Quae in fuga deleniti voluptatibus repellendus quis odio. Harum minima neque velit eum a voluptas quis.','1991-10-12 05:27:44','2006-10-27 23:43:33'),
('3','3','3','Consequatur consequatur minus aut ex omnis et consequuntur eligendi. Suscipit omnis rerum debitis voluptatem dicta eius reiciendis. Vitae quaerat et reprehenderit possimus consectetur dignissimos.','1982-12-04 20:18:07','1976-11-09 18:13:25'),
('4','4','4','Magnam ut aut ab delectus consequuntur natus nesciunt. Rerum voluptates quaerat nam non. Placeat nostrum ut sapiente quidem aut. Eveniet doloremque et quibusdam in dignissimos qui.','1989-10-10 06:07:14','2006-02-21 20:13:41'),
('5','5','5','Vel dolores culpa veritatis quibusdam doloremque magni. Esse dolorum ut architecto ratione nihil et animi.','1988-01-31 11:47:39','1999-11-16 09:56:21'),
('6','6','6','Quod vitae at laborum sint magnam quisquam odio. Nostrum assumenda ut dicta nobis ut quidem id.','1982-03-16 02:24:52','1985-11-14 03:50:14'),
('7','7','7','Impedit dolores officiis iure cumque autem non. Et eligendi et architecto. Qui tenetur optio ipsa et dolore autem. Iure nulla dolores laborum omnis consequatur cupiditate.','1970-11-16 16:18:17','1971-02-02 21:04:17'),
('8','8','8','Consequatur aspernatur velit dolorem quasi. Cum iusto dolores aut asperiores. Sunt est sint voluptatem maiores.','2015-02-11 03:04:42','2010-06-28 03:49:45'),
('9','9','9','Delectus eum laboriosam dolor corporis ex soluta. Voluptas aperiam ut culpa quam quibusdam ullam. Enim voluptas sit unde qui. Et ullam cum ipsam sit. Et qui harum rem ea repudiandae.','1975-06-18 04:34:10','1995-08-14 20:11:31'),
('10','10','10','Repellat qui rerum hic dolorem. Laborum porro fugiat qui voluptates at explicabo optio qui. Repellat eligendi et qui maxime ipsum.','1996-04-26 13:24:25','2001-03-20 05:48:21'),
('11','1','11','Dolor soluta sint neque est minus dolorum. Reiciendis sit nobis laboriosam est minima commodi et. Perspiciatis iste quis id qui excepturi incidunt.','2002-06-19 03:04:31','2000-11-28 18:30:11'),
('12','2','12','Ratione non ea harum. Consequatur nisi itaque voluptate reprehenderit aperiam est distinctio neque. Aut consequatur vero doloribus similique rem.','1979-05-07 05:59:28','1987-05-04 23:07:19'),
('13','3','13','Dolores necessitatibus voluptate amet explicabo alias. Tempore non praesentium aut quia aut omnis assumenda. Exercitationem delectus placeat provident deserunt ea molestiae aperiam. Et distinctio dicta quod quos dolor rerum.','2003-05-31 23:33:33','1995-03-25 14:50:12'),
('14','4','14','Voluptatem debitis tempora praesentium aperiam repellat sint. Earum temporibus non aut quae repellat at quo.','1994-01-11 19:23:21','2007-01-06 23:39:50'),
('15','5','15','Sed vel et illum nesciunt voluptatibus sint. Eum tenetur eligendi voluptas vitae facere dolor id. Illo inventore enim incidunt labore rerum aut perferendis.','2019-02-16 11:36:54','1991-04-13 15:38:47'),
('16','6','16','Accusantium expedita quis et qui. Non aut et dolor qui quia voluptatibus enim. Explicabo harum facilis iste est. Sit fuga commodi ullam cupiditate explicabo aut delectus.','1996-12-20 09:29:35','2011-10-07 23:58:38'),
('17','7','17','Rerum dicta qui natus quia maxime quo. Nisi in dolorem esse dolorem eos. Et maiores quis quasi dolorem sunt minima eum. Molestiae voluptatibus consequatur dolorem est eum officiis totam.','1975-05-06 23:49:27','2013-04-06 20:14:38'),
('18','8','18','Nostrum laborum ex non debitis sed excepturi quasi. Numquam omnis provident delectus dolorum accusantium iste voluptate. Sunt commodi quia consequuntur illo est inventore molestiae facere. Adipisci odit aut aut optio quia.','2011-10-13 04:16:30','2016-03-23 09:43:57'),
('19','9','19','Minima iste neque quasi dolorum sed. Illo soluta in rem iure odio accusamus quisquam quia. Dignissimos aut qui ut natus voluptatibus nisi ut. Rem perferendis dolor delectus odio.','1984-04-19 03:37:43','1994-10-01 18:28:33');


/*!40101 SET SQL_MODE=@OLD_SQL_MODE */;
/*!40014 SET FOREIGN_KEY_CHECKS=@OLD_FOREIGN_KEY_CHECKS */;
/*!40014 SET UNIQUE_CHECKS=@OLD_UNIQUE_CHECKS */;
/*!40101 SET CHARACTER_SET_CLIENT=@OLD_CHARACTER_SET_CLIENT */;
/*!40101 SET CHARACTER_SET_RESULTS=@OLD_CHARACTER_SET_RESULTS */;
/*!40101 SET COLLATION_CONNECTION=@OLD_COLLATION_CONNECTION */;
/*!40111 SET SQL_NOTES=@OLD_SQL_NOTES */;

